Cdigo_de_Acesso,F0101,F0102,F0103,F0104,F0201,F0203,F0205,L0210_no_likert,Q0401,Q0402,Q0403,T0404,Q0405,Q0406,Q0407,T0408,Q0409,Q0410,Q0411,T0412,Q0413,Q0414,Q0415,T0498,P01,T01,P02,T02,P03,T03,P05,T05,P09,T09,P12,T12,P15,T15,PTempoTotal,QtdComida,QtdPessoas,QtdSom,GameTempoTotal,QtdDormir,QtdHorasDormi,QtdHorasSono,Acordar,F0705,F0706,F0707,F0708,F0709,F0710,F0711,F0712,F0713,F1101,F1102,F1103,F1104,F1105,Tempo1106,F1107,Tempo1108,F1109,Tempo1110,F1111,Tempo1112,TempoTotal11,Q1201,Q1202,Q1203,T1204,Q1206,Q1207,Q1208,Q1209,P04,P08,P10,P121,P021,P031,P07,P091,P13,T04,T08,T10,T121,T021,T031,T07,T091,T13,TempoTotal,Target1,Target2,Target3,Cor0202_000000,Cor0202_3E3200,Cor0202_552D2D,Cor0202_5E3131,Cor0202_746F7F,Cor0202_866E40,Cor0202_947907,Cor0202_A4744E,Cor0202_B08A66,Cor0202_B66B39,Cor0202_BE845A,Cor0202_BEB0B0,Cor0202_C09360,Cor0202_C37F52,Cor0202_CB869F,Cor0202_CDBC25,Cor0202_D18831,Cor0202_D1AA85,Cor0202_D3AC5E,Cor0202_D7A166,Cor0202_D8995B,Cor0202_DEC29E,Cor0202_E0A876,Cor0202_E1CE8F,Cor0202_E5D29D,Cor0202_E86826,Cor0202_E8D393,Cor0202_EBA663,Cor0202_EBC882,Cor0202_EBEBEB,Cor0202_EED284,Cor0202_EEDF7E,Cor0202_EEE497,Cor0202_F0CF85,Cor0202_F0F0AB,Cor0202_F19D5F,Cor0202_F2C4A6,Cor0202_F3D080,Cor0202_F5D588,Cor0202_F5DD94,Cor0202_F6B39C,Cor0202_F6D175,Cor0202_F6D592,Cor0202_FACA7D,Cor0202_FBDD92,Cor0202_FBF2CC,Cor0202_FDEAED,Cor0202_FDEFA7,Cor0202_FFC394,Cor0202_FFC6A1,Cor0202_FFDD94,Cor0202_FFDD9A,Cor0202_FFDDA4,Cor0202_FFE2BE,Cor0202_FFE4A1,Cor0202_FFE4B5,Cor0202_FFE894,Cor0202_FFE8A1,Cor0202_FFFFFF,Cor0204_000000,Cor0204_0036FF,Cor0204_020000,Cor0204_0806F5,Cor0204_0E0E0E,Cor0204_0F0D0D,Cor0204_151512,Cor0204_191111,Cor0204_1C0808,Cor0204_1C160F,Cor0204_1D1706,Cor0204_1F1E1E,Cor0204_230000,Cor0204_292929,Cor0204_2F200F,Cor0204_311A0B,Cor0204_34141E,Cor0204_392600,Cor0204_3C1301,Cor0204_44250A,Cor0204_4A0E0E,Cor0204_4F4545,Cor0204_575757,Cor0204_594C32,Cor0204_5B2600,Cor0204_5B3E00,Cor0204_5B5B5B,Cor0204_5C4430,Cor0204_612119,Cor0204_614121,Cor0204_623300,Cor0204_645C86,Cor0204_704B26,Cor0204_7E520A,Cor0204_7E6832,Cor0204_7F0D0D,Cor0204_7F6021,Cor0204_846B18,Cor0204_88724B,Cor0204_940000,Cor0204_9DA900,Cor0204_B30007,Cor0204_BE7237,Cor0204_CFFFE2,Cor0204_D1B22C,Cor0204_D52121,Cor0204_DD6EDC,Cor0204_E3A200,Cor0204_F0D45F,Cor0204_F5DC47,Cor0204_F5FF72,Cor0204_FFFFFF,Cor0206_0044FF,Cor0206_00FF2B,Cor0206_046198,Cor0206_319EB9,Cor0206_34311E,Cor0206_3E2113,Cor0206_41641F,Cor0206_474086,Cor0206_5F7568,Cor0206_66E5D5,Cor0206_695AA3,Cor0206_7E63EB,Cor0206_898A83,Cor0206_8F8678,Cor0206_9975A0,Cor0206_A00031,Cor0206_A01810,Cor0206_A673C4,Cor0206_A80003,Cor0206_AEAEAE,Cor0206_C980FF,Cor0206_CB2027,Cor0206_CD0000,Cor0206_EDA04A,Cor0206_FD007A,Cor0206_FF0000,Cor0206_FF0808,Cor0206_FFFFFF,F0207_000000,F0207_0023FF,F0207_020304,F0207_050505,F0207_0E0E11,F0207_13162B,F0207_18E6BE,F0207_1F2449,F0207_393737,F0207_402F19,F0207_413E2E,F0207_441D12,F0207_455DA3,F0207_464D51,F0207_484847,F0207_4A0000,F0207_4B4054,F0207_4C4C4C,F0207_4FCBFA,F0207_5B382B,F0207_643400,F0207_653000,F0207_66581F,F0207_6C431B,F0207_6E4222,F0207_776700,F0207_7F8789,F0207_810000,F0207_818181,F0207_880E0E,F0207_8C999C,F0207_907300,F0207_A7A7A7,F0207_B59A51,F0207_BD237C,F0207_C39533,F0207_D17410,F0207_EBA3EE,F0207_FFFFFF,Cor0208_000000,Cor0208_074588,Cor0208_0E1112,Cor0208_122447,Cor0208_126346,Cor0208_130E5B,Cor0208_1412EB,Cor0208_1C312D,Cor0208_1F1F11,Cor0208_2010D1,Cor0208_210F0E,Cor0208_2200E5,Cor0208_222222,Cor0208_242424,Cor0208_252525,Cor0208_262626,Cor0208_2A2164,Cor0208_3154D1,Cor0208_36CEB5,Cor0208_383F76,Cor0208_3B3B3B,Cor0208_3C3C3C,Cor0208_403B29,Cor0208_4158CE,Cor0208_4175F6,Cor0208_44423D,Cor0208_467174,Cor0208_479E93,Cor0208_526B7A,Cor0208_64451F,Cor0208_6A6A6A,Cor0208_7F7F7F,Cor0208_831BAC,Cor0208_8B1620,Cor0208_B1EAF8,Cor0208_B513F6,Cor0208_C94040,Cor0208_CB5DD0,Cor0208_D19AE4,Cor0208_D9D9D9,Cor0208_E880A3,Cor0208_EEECE9,Cor0208_F61313,Cor0208_FEF800,Cor0208_FFFFFF,Cor0209Outro_000000,Cor0209Outro_00FFF2,Cor0209Outro_010100,Cor0209Outro_070000,Cor0209Outro_070303,Cor0209Outro_070704,Cor0209Outro_07202F,Cor0209Outro_0C0B0A,Cor0209Outro_0FC1B4,Cor0209Outro_19252D,Cor0209Outro_2000FF,Cor0209Outro_212121,Cor0209Outro_2F2F2F,Cor0209Outro_3648CE,Cor0209Outro_3E3B3B,Cor0209Outro_414ACE,Cor0209Outro_474747,Cor0209Outro_4A4B4C,Cor0209Outro_5678CD,Cor0209Outro_615B63,Cor0209Outro_616161,Cor0209Outro_63EB8F,Cor0209Outro_6E5B9C,Cor0209Outro_738640,Cor0209Outro_746646,Cor0209Outro_9200C7,Cor0209Outro_937600,Cor0209Outro_A12A6F,Cor0209Outro_A70909,Cor0209Outro_AB4848,Cor0209Outro_B4C6E4,Cor0209Outro_B500FF,Cor0209Outro_C9C1B5,Cor0209Outro_D131CD,Cor0209Outro_D57696,Cor0209Outro_D820F6,Cor0209Outro_DD0000,Cor0209Outro_E1E812,Cor0209Outro_E719F0,Cor0209Outro_EBCFFF,Cor0209Outro_ED2B50,Cor0209Outro_ED32D5,Cor0209Outro_F00CE9,Cor0209Outro_F092EF,Cor0209Outro_F2F2F2,Cor0209Outro_FE79FE,Cor0209Outro_FEA700,Cor0209Outro_FEFEFE,Cor0209Outro_FF0000,Cor0209Outro_FF5EBF,Cor0209Outro_FFFFFF,Indice_Sono_T1,F_Oposto_T3,F07_Media,F11_Media,Eficiencia_P09_T09,Eficiencia_Total,Gap_F11_F07,Sono_Ineficiencia,Indice_Final_PT_T,Eficiencia_P01_T01,Eficiencia_P02_T02,Eficiencia_P03_T03,Eficiencia_P05_T05,Eficiencia_P12_T12,Eficiencia_P15_T15,Eficiencia_P04_T04,Eficiencia_P08_T08,Eficiencia_P10_T10,Eficiencia_P121_T121,Eficiencia_P021_T021,Eficiencia_P031_T031,Eficiencia_P07_T07,Eficiencia_P091_T091,Eficiencia_P13_T13,cluster,CÃ³digo de Acesso,Target1_Previsto,Target2_Previsto,Target3_Previsto
A68XT3X9C9IW,0.0,0.0,0.58823529411765,4.0,7.0,1.0,2.0,5.0,3.0,0.0,16.0,9.45,3.0,0.0,11.0,7.649,3.0,0.0,14.0,7.116,9.0,0.0,41.0,24.215,2.0,2614.0,1.0,8.605,2.0,15.803,2.0,12805.0,3.0,18.728,4.0,14.379,3.0,23025.0,95.959,3.0,1.0,1.0,15.501,2.0,1.0,3.0,1.0,2.0,2.0,2.0,1.0,1.0,1.0,2.0,1.0,4.0,1.0,7.695,1.0,5.499,0.0,6.798,0.0,3.298,1.0,8.094,1.0,4.098,35.482,0.0,0.0,24.0,61.614,1.0,0.0,24.0,97.146,5.0,1.0,1.0,1.0,1.0,1.0,1.0,1.0,1.0,6.216,8.383,5.884,5.183,12.416,11.083,13.582,7.701,25.049,128.96,76.923,80.952,51.429,False,False,False,False,False,False,False,False,False,False,False,False,False,False,False,False,False,False,False,False,False,False,False,False,False,False,False,False,False,False,False,False,False,False,False,False,False,False,False,False,False,False,False,False,False,False,False,False,False,False,False,False,False,False,False,False,False,False,True,False,False,False,False,False,False,False,False,False,False,False,False,False,False,False,False,False,False,False,False,False,False,False,False,False,False,False,False,False,False,False,False,False,False,False,False,False,False,False,False,False,False,False,False,False,False,False,False,False,False,False,True,False,False,False,False,False,False,False,False,False,False,False,False,False,False,False,False,False,False,False,False,False,False,False,False,False,False,False,True,False,False,False,False,False,False,False,False,False,False,False,False,False,False,False,False,False,False,False,False,False,False,False,False,False,False,False,False,False,False,False,False,False,False,False,False,False,False,True,False,False,False,False,False,False,False,False,False,False,False,False,False,False,False,False,False,False,False,False,False,False,False,False,False,False,False,False,False,False,False,False,False,False,False,False,False,False,False,False,False,False,False,False,True,False,False,False,False,False,False,False,False,False,False,False,False,False,False,False,False,False,False,False,False,False,False,False,False,False,False,False,False,False,False,False,False,False,False,False,False,False,False,False,False,False,False,False,False,False,False,False,False,False,False,True,12.0,2.0,1.7777777777777777,2.14925,0.1601879538658693,0.0006742628601831157,0.3714722222222222,1.0,0.7440989454094292,0.0007651109410864575,0.11621150493898895,0.12655824843384167,0.00015618898867629833,0.2781834619931845,0.0001302931596091205,0.8043758043758044,0.11928903733746869,0.1699524133242692,0.1929384526336099,0.08054123711340205,0.09022827754218171,0.07362685907819172,0.12985326580963513,0.039921753363407725,1,A68XT3X9C9IW,60.90322947196599,80.33513016084615,30.888140284088262
WKHRFIXANWM7,3.0,3.0,0.41176470588235,0.0,3.0,5.0,1.0,5.0,0.0,0.0,19.0,15.699,0.0,1.0,14.0,18.232,0.0,2.0,17.0,6.683,0.0,3.0,50.0,40.614,4.0,29466.0,3.0,54.78,3.0,12.233,4.0,66297.0,3.0,32.215,4.0,23.199,3.0,19565.0,237.755,2.0,1.0,1.0,50.498,2.0,3.0,2.0,5.0,5.0,5.0,5.0,5.0,5.0,5.0,5.0,5.0,1.0,4.0,8.949,4.0,3.182,4.0,0.867,3.0,9.166,4.0,2.167,4.0,1.933,26.264,5.0,0.0,24.0,150.108,21.0,0.0,0.0,300.0,5.0,5.0,5.0,5.0,5.0,5.0,1.0,5.0,5.0,5.9085,6.061,8.2335,6.475,7.084,7.441000000000001,7.5415,8.032,6.384,93.37950000000001,0.0,28.6,95.2,False,False,False,False,False,False,False,False,False,False,False,False,False,False,False,False,False,False,False,False,False,False,False,False,False,False,False,False,False,False,False,False,False,False,False,False,False,False,False,False,False,False,False,False,False,False,False,False,False,False,False,False,False,False,False,False,False,False,True,False,False,False,False,False,False,False,False,False,False,False,False,False,False,False,False,False,False,False,False,False,False,False,False,False,False,False,False,False,False,False,False,False,False,False,False,False,False,False,False,False,False,False,False,False,False,False,False,False,False,False,True,False,False,False,False,False,False,False,False,False,False,False,False,False,False,False,False,False,False,False,False,False,False,False,False,False,False,False,True,False,False,False,False,False,False,False,False,False,False,False,False,False,False,False,False,False,False,False,False,False,False,False,False,False,False,False,False,False,False,False,False,False,False,False,False,False,False,True,False,False,False,False,False,False,False,False,False,False,False,False,False,False,False,False,False,False,False,False,False,False,False,False,False,False,False,False,False,False,False,False,False,False,False,False,False,False,False,False,False,False,False,False,True,False,False,False,False,False,False,False,False,False,False,False,False,False,False,False,False,False,False,False,False,False,False,False,False,False,False,False,False,False,False,False,False,False,False,False,False,False,False,False,False,False,False,False,False,False,False,False,False,False,False,True,0.0,3.0,4.555555555555555,4.391375,0.09312432096849292,0.00020788143122242415,0.6832430555555558,1.0,0.8718806860366171,0.0001357496775945157,0.054764512595837894,0.2452382898716586,6.033455510807427e-05,0.172421225052804,0.00015333503705596728,0.6447257419321127,0.6336674867324514,0.40249433106575966,0.4424126102560435,0.4735745406326956,0.4437738528445904,0.21245653374930942,0.552548970255475,0.4799846404915043,0,WKHRFIXANWM7,22.151405176363216,37.623173301322105,77.59562954243043
PU3LN62VZBVM,1.0,1.0,0.29411764705882,1.0,2.0,3.0,1.0,0.0,3.0,0.0,16.0,14.899,0.0,3.0,14.0,13.366,3.0,0.0,14.0,10.883,6.0,3.0,44.0,39.148,2.0,7233.0,3.0,9.833,2.0,7.616,2.0,28849.0,3.0,8.133,4.0,10.999,1.0,9733.0,82.396,2.0,1.0,1.0,29.832,1.0,4.0,2.0,3.0,4.0,2.0,3.0,3.0,5.0,3.0,4.0,4.0,2.0,2.0,7.065,2.0,3.864,2.0,5.33,4.0,22.113,2.0,5.277,2.0,9.58,53.229,1.0,0.0,24.0,83.563,19.0,0.0,1.0,300.0,1.0,5.0,5.0,1.0,1.0,1.0,1.0,5.0,5.0,5.783,9.417,5.883,6.45,7.5,8.816,6.733,11.366,4.833,95.978,19.231,71.429,48.571,False,False,False,False,False,False,False,False,False,False,False,False,False,False,False,False,False,False,True,False,False,False,False,False,False,False,False,False,False,False,False,False,False,False,False,False,False,False,False,False,False,False,False,False,False,False,False,False,False,False,False,False,False,False,False,False,False,False,False,False,False,False,False,False,False,False,False,False,False,False,False,False,False,False,False,False,False,False,False,False,False,False,False,False,False,False,False,False,False,False,False,False,False,False,False,False,False,True,False,False,False,False,False,False,False,False,False,False,False,False,False,False,False,False,False,False,False,False,False,False,False,False,False,False,False,False,False,False,False,False,False,False,False,False,False,False,False,False,True,False,False,False,False,False,False,False,False,False,False,False,False,True,False,False,False,False,False,False,False,False,False,False,False,False,False,False,False,False,False,False,False,False,False,False,False,False,False,False,False,False,False,False,False,False,False,False,False,False,False,False,False,False,False,False,False,False,False,False,False,False,False,True,False,False,False,False,False,False,False,False,False,False,False,False,False,False,False,False,False,False,False,False,False,False,False,False,False,False,False,False,False,False,False,False,False,False,False,False,True,False,False,False,False,False,False,False,False,False,False,False,False,False,False,False,False,False,False,False,False,False,False,False,False,False,False,False,False,False,False,False,False,False,False,False,4.0,0.0,3.3333333333333335,3.1161250000000003,0.36886757654002217,0.0007409953267168262,0.6832430555555558,2.0,0.85848840359249,0.00027651043826904464,0.3050950879690837,0.26260504201680673,6.932649311934556e-05,0.3636694244931357,0.00010274324463166547,0.17292062943109113,0.5309546564723373,0.8499065102838688,0.15503875968992248,0.13333333333333333,0.11343012704174228,0.1485222040695084,0.4399084990322013,1.0345541071798054,1,PU3LN62VZBVM,37.61929326167325,50.58768124130716,53.018187530812874
PDXGR7370SY1,1.0,0.0,0.35294117647059,2.0,1.0,2.0,2.0,2.0,8.0,1.0,11.0,47.68,9.0,0.0,5.0,32.915,7.0,0.0,10.0,27.099,24.0,1.0,26.0,107.694,4.0,2932.0,4.0,5.049,4.0,6.267,3.0,17733.0,3.0,8.1,3.0,11.166,3.0,12166.0,63.413,2.0,1.0,1.0,17.383,2.0,3.0,2.0,3.0,4.0,2.0,5.0,4.0,3.0,4.0,4.0,5.0,2.0,4.0,4.831,3.0,3.266,2.0,4.05,2.0,6.164,3.0,7.963,2.0,1.382,27.656,0.0,0.0,24.0,61.447,6.0,0.0,24.0,144.66,5.0,5.0,5.0,5.0,5.0,5.0,5.0,5.0,5.0,6.283,4.167,4.2,5.8,6.683,6.617,6.282,8.682,7.183,85.33,15.385,19.048,51.429,False,False,False,False,False,False,False,False,False,False,False,False,False,False,False,False,False,False,False,False,False,False,False,False,False,False,False,False,False,False,False,False,False,False,False,False,False,False,False,False,False,False,False,False,False,False,False,False,False,False,False,False,False,False,False,False,False,False,True,False,False,False,False,False,False,False,False,False,False,False,False,False,False,False,False,False,False,False,False,False,False,False,False,False,False,False,False,False,False,False,False,False,False,False,False,False,False,False,False,False,False,False,False,False,False,False,False,False,False,False,True,False,False,False,False,False,False,False,False,False,False,False,False,False,False,False,False,False,False,False,False,False,False,False,False,False,False,False,True,False,False,False,False,False,False,False,False,False,False,False,False,False,False,False,False,False,False,False,False,False,False,False,False,False,False,False,False,False,False,False,False,False,False,False,False,False,False,True,False,False,False,False,False,False,False,False,False,False,False,False,False,False,False,False,False,False,False,False,False,False,False,False,False,False,False,False,False,False,False,False,False,False,False,False,False,False,False,False,False,False,False,False,True,False,False,False,False,False,False,False,False,False,False,False,False,False,False,False,False,False,False,False,False,False,False,False,False,False,False,False,False,False,False,False,False,False,False,False,False,False,False,False,False,False,False,False,False,False,False,False,False,False,False,True,4.0,1.0,3.6666666666666665,3.012125,0.3703703703703704,0.0014898282583752599,0.6832430555555558,1.0,0.7431501230516817,0.001364256480218281,0.7922360863537333,0.6382639221318015,0.0001691761123329386,0.2686727565824825,0.00024658885418379087,0.7957981855801368,1.1999040076793857,1.1904761904761905,0.8620689655172414,0.7481669908723627,0.755629439322956,0.795924864692773,0.5759041695461875,0.69608798552137,0,PDXGR7370SY1,23.743993997609326,44.24044962081086,67.14462195410371
8BDUW7B4D3PY,3.0,0.0,0.47058823529412,2.0,5.0,8.0,1.0,5.0,14.0,1.0,5.0,104.245,7.0,4.0,7.0,0.0,0.0,0.0,17.0,0.0,21.0,5.0,29.0,104.245,4.0,16449.0,3.0,34.865,1.0,12.466,4.0,21633.0,4.0,12.199,4.0,16.649,4.0,12883.0,127.144,3.0,1.0,2.0,30.013,1.0,3.0,2.0,5.0,5.0,5.0,5.0,5.0,1.0,5.0,5.0,5.0,1.0,4.0,13.6,4.0,15.9,4.0,8.2,1.0,22.6,4.0,14.4,1.0,14.2,88.9,0.0,0.0,24.0,73.68,1.0,0.0,24.0,144.627,5.0,5.0,1.0,5.0,5.0,5.0,5.0,5.0,5.0,3.93,5.468,12.25,4.482,3.498,6.401,6.783,5.265,6.065,77.163,38.462,23.81,91.429,False,False,False,False,False,False,False,False,False,False,False,False,False,False,False,False,False,False,False,False,False,False,False,False,False,False,False,False,False,False,False,False,False,False,False,False,False,False,False,False,False,False,False,False,True,False,False,False,False,False,False,False,False,False,False,False,False,False,False,False,False,False,False,False,False,False,False,False,False,False,False,False,False,False,False,False,False,False,False,False,False,False,False,False,False,False,False,False,False,False,False,False,False,False,False,False,False,False,False,False,False,False,False,True,False,False,False,False,False,False,False,False,False,False,False,False,False,False,False,False,False,False,False,False,False,False,False,False,False,False,False,False,False,False,False,False,False,False,True,False,False,False,False,False,False,False,False,False,False,False,False,False,False,False,False,False,False,False,False,False,False,False,False,False,False,False,False,False,False,False,False,False,False,False,False,False,False,True,False,False,False,False,False,False,False,False,False,False,False,False,False,False,False,False,False,False,False,False,False,False,False,False,False,False,False,False,False,False,False,False,False,False,False,False,False,False,False,False,False,False,False,False,True,False,False,False,False,False,False,False,False,False,False,False,False,False,False,False,False,False,False,False,False,False,False,False,False,False,False,False,False,False,False,False,False,False,False,False,False,False,False,False,False,False,False,False,False,False,False,False,False,False,False,True,0.0,3.0,4.111111111111111,5.9375,0.3278957291581277,0.0008810456249476878,1.8263888888888893,1.0,1.6477327216412012,0.00024317587695300627,0.08604617811558869,0.08021819348628269,0.000184902694956779,0.24025466995014713,0.000310486687883257,1.272264631043257,0.9144111192392099,0.08163265306122448,1.1155734047300312,1.4293882218410519,0.7811279487580066,0.7371369600471768,0.9496676163342831,0.8244023083264632,0,8BDUW7B4D3PY,33.7299357864297,56.60790295171858,80.00176216877125
MB3FOZS3ZDH1,3.0,0.0,0.41176470588235,4.0,3.0,7.0,2.0,0.0,18.0,1.0,1.0,66.514,11.0,0.0,3.0,49.347,11.0,0.0,6.0,0.0,40.0,1.0,10.0,115.861,3.0,145.0,4.0,17.149,3.0,16.082,2.0,4051.0,3.0,11.099,3.0,9.517,2.0,4445.0,63.793,2.0,1.0,0.0,31.032,1.0,3.0,2.0,4.0,3.0,4.0,3.0,4.0,4.0,4.0,2.0,2.0,1.0,1.0,7.383,2.0,4.188,2.0,10.7,3.0,2.143,2.0,2.254,2.0,5.699,32.367,1.0,0.0,24.0,54.631,5.0,0.0,24.0,116.295,5.0,5.0,5.0,5.0,1.0,5.0,1.0,5.0,1.0,5.067,3.65,7.15,4.283,5.017,7.982,5.833,6.115,7.967,73.217,23.077,33.333,60.0,False,False,False,False,False,False,False,False,False,False,False,False,False,False,False,False,False,False,False,False,False,False,False,False,False,False,False,False,False,False,False,False,False,False,False,False,False,False,False,False,False,False,True,False,False,False,False,False,False,False,False,False,False,False,False,False,False,False,False,False,False,False,False,False,False,False,False,False,False,False,False,False,False,False,False,False,False,False,False,False,False,False,True,False,False,False,False,False,False,False,False,False,False,False,False,False,False,False,False,False,False,False,False,False,False,False,False,False,False,False,False,False,False,False,False,False,False,False,False,False,False,False,False,False,False,False,False,False,False,False,False,False,False,False,False,False,False,False,True,False,False,False,False,False,False,False,False,False,False,False,False,False,False,False,False,False,False,False,False,False,False,False,False,False,False,False,False,False,False,False,False,False,False,False,False,False,False,True,False,False,False,False,False,False,False,False,False,False,False,False,False,False,False,False,False,False,False,False,False,False,False,False,False,False,False,False,False,False,False,False,False,False,False,False,False,False,False,False,False,False,False,False,True,False,False,False,False,False,True,False,False,False,False,False,False,False,False,False,False,False,False,False,False,False,False,False,False,False,False,False,False,False,False,False,False,False,False,False,False,False,False,False,False,False,False,False,False,False,False,False,False,False,False,False,2.0,1.0,3.0,2.9463749999999997,0.2702946211370394,0.004240923907050868,0.6832430555555558,1.0,0.8712867230288048,0.020689655172413793,0.2332497521721383,0.186543962193757,0.0004937052579609973,0.3152253861510981,0.0004499437570303712,0.9867771857114663,1.36986301369863,0.6993006993006993,1.1674060238150827,0.19932230416583616,0.6264094211976948,0.17143836790673753,0.8176614881439084,0.125517760763148,1,MB3FOZS3ZDH1,26.293956437296163,31.105490307335305,55.5937203708718
HI64ZQCA4U7L,3.0,1.0,0.29411764705882,3.0,4.0,10.0,2.0,5.0,3.0,0.0,16.0,15.466,3.0,0.0,11.0,9.367,3.0,0.0,14.0,12.282,9.0,0.0,41.0,37.115,4.0,18633.0,4.0,22.066,4.0,9.05,4.0,8999.0,3.0,22.083,4.0,1.533,4.0,7349.0,89.713,2.0,1.0,3.0,36.58,2.0,3.0,2.0,5.0,5.0,5.0,5.0,5.0,5.0,5.0,5.0,5.0,1.0,3.0,7.1,4.0,6.032,2.0,6.5,4.0,5.6,3.0,7.0,3.0,9.0,41.232,0.0,0.0,24.0,62.481,8.0,0.0,24.0,187.591,5.0,5.0,5.0,5.0,5.0,5.0,5.0,5.0,5.0,4.4,3.183,8.366,5.432,4.184,5.016,6.384,6.482,5.833,76.514,11.538,9.524,85.714,False,False,False,False,False,False,False,False,False,False,False,False,False,False,False,False,False,False,False,False,False,False,False,False,False,False,False,False,False,False,False,False,False,False,False,False,False,False,False,False,False,False,False,False,False,False,False,False,False,False,False,False,False,False,False,False,False,False,True,False,False,False,False,False,False,False,False,False,False,False,False,False,False,False,False,False,False,False,False,False,False,False,False,False,False,False,False,False,False,False,False,False,False,False,False,False,False,False,False,False,False,False,False,False,False,False,False,False,False,False,True,False,False,False,False,False,False,False,False,False,False,False,False,False,False,False,False,False,False,False,False,False,False,False,False,False,False,False,True,False,False,False,False,False,False,False,False,False,False,False,False,False,False,False,False,False,False,False,False,False,False,False,False,False,False,False,False,False,False,False,False,False,False,False,False,False,False,True,False,False,False,False,False,False,False,False,False,False,False,False,False,False,False,False,False,False,False,False,False,False,False,False,False,False,False,False,False,False,False,False,False,False,False,False,False,False,False,False,False,False,False,False,True,False,False,False,False,False,False,False,False,False,False,False,False,False,False,False,False,False,False,False,False,False,False,False,False,False,False,False,False,False,False,False,False,False,False,False,False,False,False,False,False,False,False,False,False,False,False,False,False,False,False,True,0.0,3.0,4.555555555555555,4.0165,0.13585110718652357,0.0014830068237136672,0.6832430555555558,1.0,1.1725043782837128,0.0002146728921805399,0.18127435874195597,0.4419889502762431,0.00044449383264807203,2.6092628832354863,0.0005442917403728399,1.1363636363636362,1.5708451146716935,0.5976571838393497,0.9204712812960235,1.1950286806883366,0.9968102073365231,0.7832080200501252,0.771366862079605,0.8571918395336876,0,HI64ZQCA4U7L,9.020359654029559,21.27857091891835,69.09202731639644
WJ2MU06OBKPO,3.0,0.0,0.41176470588235,2.0,2.0,5.0,2.0,0.0,4.0,3.0,15.0,49.281,2.0,1.0,12.0,15.116,0.0,0.0,17.0,4.233,6.0,4.0,44.0,68.63,2.0,8183.0,1.0,31.081,4.0,30.032,1.0,24282.0,1.0,10.266,2.0,21.333,3.0,30782.0,155.959,2.0,1.0,2.0,28.232,1.0,3.0,2.0,3.0,3.0,2.0,4.0,4.0,3.0,2.0,4.0,2.0,1.0,1.0,21.542,4.0,8.016,2.0,4.148,0.0,17.775,2.0,9.064,3.0,9.163,69.708,1.0,0.0,24.0,97.013,4.0,0.0,24.0,264.004,5.0,5.0,5.0,1.0,1.0,1.0,5.0,5.0,1.0,5.866,8.266,10.233,7.967,6.717,10.849,14.515,21.732,17.699,131.31,34.615,100.0,54.286,False,False,False,False,False,False,False,False,True,False,False,False,False,False,False,False,False,False,False,False,False,False,False,False,False,False,False,False,False,False,False,False,False,False,False,False,False,False,False,False,False,False,False,False,False,False,False,False,False,False,False,False,False,False,False,False,False,False,False,False,False,False,False,False,False,False,False,False,False,False,False,False,False,False,False,True,False,False,False,False,False,False,False,False,False,False,False,False,False,False,False,False,False,False,False,False,False,False,False,False,False,False,False,False,False,False,False,False,False,False,False,False,False,False,False,False,False,False,False,False,False,False,False,False,False,False,True,False,False,False,False,False,False,False,False,False,False,False,False,False,False,False,False,False,False,False,True,False,False,False,False,False,False,False,False,False,False,False,False,False,False,False,False,False,False,False,False,False,False,False,False,False,False,False,False,False,False,False,False,False,False,False,False,False,False,False,False,False,False,False,False,False,False,False,False,False,False,False,False,False,False,False,False,False,False,False,False,False,False,False,False,True,False,False,False,False,False,False,False,False,False,False,False,False,False,False,False,False,False,False,False,False,False,False,False,False,False,True,False,False,False,False,False,False,False,False,False,False,False,False,False,False,False,False,False,False,False,False,False,False,False,False,False,False,False,False,False,False,False,False,False,False,False,False,4.0,3.0,2.7777777777777777,5.19475,0.0974089226573154,0.0005520827708990105,2.4169722222222223,1.0,1.1877160916914173,0.0002444091409018697,0.032173996975644284,0.13319126265316994,4.118276912939626e-05,0.09375146486663855,9.745955428497174e-05,0.8523695874531197,0.6048874909266876,0.488615264340858,0.125517760763148,0.14887598630340926,0.09217439395335976,0.34447123665173957,0.2300754647524388,0.056500367252387135,1,WJ2MU06OBKPO,53.132612641867425,70.21243793313838,51.43128649462902
9RJ6JK1GD5FQ,3.0,1.0,0.52941176470588,0.0,2.0,10.0,1.0,0.0,12.0,7.0,7.0,0.0,0.0,0.0,14.0,0.0,0.0,0.0,17.0,0.0,12.0,7.0,38.0,0.0,1.0,205.0,1.0,23.604,2.0,98.269,2.0,49801.0,1.0,25.503,4.0,5.551,4.0,38448.0,243.226,1.0,1.0,2.0,22.077,2.0,2.0,2.0,3.0,4.0,4.0,3.0,3.0,4.0,3.0,3.0,2.0,3.0,3.0,16.682,2.0,7.098,2.0,5.9,3.0,9.196,2.0,6.399,3.0,7.097,52.372,1.0,0.0,24.0,52.987,10.0,0.0,24.0,235.857,5.0,1.0,1.0,5.0,5.0,5.0,1.0,5.0,1.0,5.468,17.636,15.101,10.435,9.117,13.236,9.55,8.084,10.635,121.733,26.923,38.095,37.143,False,False,False,False,False,False,False,False,False,False,False,False,False,False,False,False,False,False,False,False,False,False,True,False,False,False,False,False,False,False,False,False,False,False,False,False,False,False,False,False,False,False,False,False,False,False,False,False,False,False,False,False,False,False,False,False,False,False,False,False,False,False,False,False,False,False,False,False,False,False,False,False,False,False,False,False,False,False,True,False,False,False,False,False,False,False,False,False,False,False,False,False,False,False,False,False,False,False,False,False,False,False,False,False,False,False,False,False,False,False,False,False,False,False,False,False,False,False,False,False,False,False,False,False,False,True,False,False,False,False,False,False,False,False,False,False,False,False,False,False,False,False,True,False,False,False,False,False,False,False,False,False,False,False,False,False,False,False,False,False,False,False,False,False,False,False,False,False,False,False,False,False,False,False,False,False,False,False,True,False,False,False,False,False,False,False,False,False,False,False,False,False,False,False,False,False,False,False,False,False,False,False,False,False,False,False,False,False,False,False,False,False,False,False,False,False,False,False,False,False,False,False,False,False,False,False,False,False,False,False,False,False,False,False,False,False,False,False,False,False,False,False,True,False,False,False,False,False,False,False,False,False,False,False,False,False,False,False,False,False,False,False,False,False,False,False,False,False,False,False,False,False,False,False,4.0,2.0,3.2222222222222223,4.8475,0.03921107320707368,0.0002706808119797283,1.6252777777777778,0.0,1.9980284721480617,0.004878048780487805,0.04236570072869005,0.020352298283283637,4.015983614786852e-05,0.7205908845253107,0.00010403662089055348,0.9144111192392099,0.056702200045361764,0.06622078008078935,0.4791566842357451,0.5484260173302621,0.3777576307041402,0.10471204188481674,0.6185056902523504,0.09402914903620123,1,9RJ6JK1GD5FQ,50.081474191458845,49.83522845276554,43.04245603499028
R6GYK9DN29MY,3.0,0.0,0.47058823529412,3.0,3.0,12.0,2.0,5.0,14.0,0.0,5.0,54.446,6.0,0.0,8.0,26.982,5.0,6.0,12.0,21.115,25.0,6.0,25.0,102.543,4.0,5483.0,4.0,14.249,4.0,18.549,4.0,33499.0,4.0,16.599,4.0,7.883,3.0,9016.0,105.278,2.0,1.0,1.0,27.415,1.0,3.0,2.0,5.0,5.0,5.0,5.0,5.0,5.0,5.0,5.0,5.0,1.0,4.0,5.3,4.0,3.7,4.0,2.5,3.0,1.8,4.0,2.1,3.0,2.0,17.4,1.0,0.0,24.0,67.53,2.0,0.0,24.0,121.628,5.0,5.0,5.0,5.0,5.0,5.0,5.0,5.0,5.0,7.049,7.35,8.466,3.748,4.981,6.881,7.566,8.616,8.716,88.396,3.846,0.0,77.143,True,False,False,False,False,False,False,False,False,False,False,False,False,False,False,False,False,False,False,False,False,False,False,False,False,False,False,False,False,False,False,False,False,False,False,False,False,False,False,False,False,False,False,False,False,False,False,False,False,False,False,False,False,False,False,False,False,False,False,False,False,False,False,False,False,False,False,False,False,False,False,False,False,False,False,False,False,False,False,False,False,False,False,False,False,False,False,False,False,False,False,False,False,False,False,False,False,False,False,False,False,False,False,False,False,False,False,False,False,False,True,False,False,False,False,False,False,False,False,False,False,False,False,False,False,False,False,False,False,False,False,False,False,False,False,False,False,False,True,False,False,False,False,False,False,False,False,False,False,False,False,False,False,False,False,False,False,False,False,False,False,False,False,False,False,False,False,False,False,False,False,False,False,False,False,False,False,True,False,False,False,False,False,False,False,False,False,False,False,False,False,False,False,False,False,False,False,False,False,False,False,False,False,False,False,False,False,False,False,False,False,False,False,False,False,False,False,False,False,False,False,False,True,False,False,False,False,False,False,False,False,False,False,False,False,False,False,False,False,False,False,False,False,False,False,False,False,False,False,False,False,False,False,False,False,False,False,False,False,False,False,False,False,False,False,False,False,False,False,False,False,False,False,True,0.0,3.0,4.555555555555555,3.875,0.24097837219109586,0.0010812063526611931,0.6832430555555558,1.0,1.1909814923752207,0.0007295276308590188,0.2807214541371324,0.21564504825057956,0.00011940654944923729,0.5074210326018014,0.00033274179236912155,0.7093204709887927,0.6802721088435374,0.5905976848570754,1.3340448239060831,1.003814495081309,0.7266385699752943,0.6608511763150938,0.5803156917363046,0.5736576411197798,0,R6GYK9DN29MY,12.052953525285687,27.239448785137682,83.38627374867116
Z19P80W464NT,0.0,0.0,0.29411764705882,4.0,2.0,3.0,1.0,5.0,2.0,1.0,17.0,22.065,3.0,0.0,11.0,26.882,3.0,0.0,14.0,20.716,8.0,1.0,42.0,69.663,3.0,91.0,2.0,8.132,4.0,21.483,4.0,10632.0,2.0,18.347,2.0,4.084,4.0,52.0,76.978,1.0,1.0,2.0,44.065,2.0,4.0,2.0,5.0,1.0,1.0,1.0,5.0,5.0,5.0,5.0,5.0,1.0,1.0,10.005,4.0,7.748,3.0,6.548,2.0,9.638,1.0,8.278,1.0,2.599,44.816,0.0,0.0,24.0,154.56,0.0,0.0,15.0,300.0,5.0,1.0,1.0,5.0,1.0,1.0,1.0,5.0,5.0,9.999,8.633,12.566,10.816,8.515,12.049,5.0,8.031,9.982,143.893,50.0,100.0,94.286,False,False,False,False,False,False,False,False,False,False,False,False,False,False,False,False,False,False,False,False,False,False,False,True,False,False,False,False,False,False,False,False,False,False,False,False,False,False,False,False,False,False,False,False,False,False,False,False,False,False,False,False,False,False,False,False,False,False,False,False,False,False,False,False,False,False,False,False,False,False,False,False,False,False,False,False,False,False,False,False,False,False,False,False,False,False,False,False,False,False,False,False,False,False,False,False,True,False,False,False,False,False,False,False,False,False,False,False,False,False,False,False,False,False,False,False,False,False,False,False,False,False,False,False,False,False,False,False,False,False,False,False,False,False,False,False,False,False,True,False,False,False,False,False,False,False,False,False,False,False,False,False,False,False,False,False,False,False,False,False,False,False,False,False,False,False,False,False,False,False,False,False,False,True,False,False,False,False,False,False,False,True,False,False,False,False,False,False,False,False,False,False,False,False,False,False,False,False,False,False,False,False,False,False,False,False,False,False,False,False,False,False,False,False,False,False,False,False,False,False,False,False,False,False,False,False,False,False,False,False,False,False,False,False,False,False,False,False,False,False,False,False,False,False,False,False,False,False,False,False,True,False,False,False,False,False,False,False,False,False,False,False,False,False,False,False,False,False,False,False,False,False,False,False,0.0,3.0,3.2222222222222223,3.719125,0.1090096473537908,0.003126946869309991,0.4969027777777777,2.0,0.5349669546121075,0.03296703296703297,0.2459419576979833,0.18619373458083135,0.0003762227238525207,0.4897159647404506,0.07692307692307693,0.5000500050005,0.11583458820803894,0.07957981855801369,0.4622781065088757,0.11743981209630064,0.08299443937256204,0.2,0.6225874735400323,0.5009016229212583,1,Z19P80W464NT,41.34415481272071,57.51877308593875,64.7245567062599
BAPL8OBBSJ3L,1.0,1.0,0.35294117647059,3.0,2.0,10.0,1.0,0.0,17.0,7.0,2.0,45.147,13.0,1.0,1.0,40.132,10.0,2.0,7.0,29.382,40.0,10.0,10.0,114.661,2.0,4584.0,1.0,7.599,2.0,1.75,2.0,15616.0,2.0,9.266,1.0,10.183,1.0,3834.0,52.832,1.0,1.0,1.0,16.633,3.0,2.0,2.0,2.0,2.0,1.0,2.0,1.0,3.0,2.0,2.0,2.0,5.0,1.0,3.9,1.0,2.1,1.0,1.8,1.0,0.7,1.0,2.7,2.0,2.7,13.9,1.0,0.0,24.0,55.712,13.0,0.0,24.0,164.827,1.0,5.0,5.0,1.0,1.0,1.0,1.0,1.0,1.0,4.567,6.883,2.8,5.034,5.017,3.034,7.25,8.933,3.566,71.563,46.154,57.143,48.571,False,False,False,False,False,False,False,False,False,False,False,False,False,False,False,False,False,False,False,False,False,False,False,False,False,False,False,False,False,False,False,False,False,False,False,False,False,False,False,False,False,False,False,False,False,False,False,False,False,False,False,False,False,False,False,False,False,False,True,False,False,False,False,False,False,False,False,False,False,False,False,False,False,False,False,False,False,False,False,False,False,False,False,False,False,False,False,False,False,False,False,False,False,False,False,False,False,False,False,False,False,False,False,False,False,False,False,False,False,False,True,False,False,False,False,False,False,False,False,False,False,False,False,False,False,False,False,False,False,False,False,False,False,False,False,False,False,False,True,False,False,False,False,False,False,False,False,False,False,False,False,False,False,False,False,False,False,False,False,False,False,False,False,False,False,False,False,False,False,False,False,False,False,False,False,False,False,True,False,False,False,False,False,False,False,False,False,False,False,False,False,False,False,False,False,False,False,False,False,False,False,False,False,False,False,False,False,False,False,False,False,False,False,False,False,False,False,False,False,False,False,False,True,False,False,False,False,False,False,False,False,False,False,False,False,False,False,False,False,False,False,False,False,False,False,False,False,False,False,False,False,False,False,False,False,False,False,False,False,False,False,False,False,False,False,False,False,False,False,False,False,False,False,True,6.0,2.0,2.2222222222222223,1.625,0.2158428663932657,0.0009963523540318891,0.6832430555555558,0.0,0.738258597319844,0.0004363001745200698,0.13159626266614027,1.1428571428571428,0.00012807377049180329,0.09820288716488265,0.0002608242044861763,0.21896211955331726,0.7264274298997531,1.7857142857142858,0.1986491855383393,0.19932230416583616,0.32959789057350036,0.13793103448275862,0.1119444755401321,0.28042624789680315,1,BAPL8OBBSJ3L,56.46924094885901,59.481426049604906,43.36955013367294
REYZNQQCAUTW,1.0,1.0,0.41176470588235,2.0,2.0,13.0,2.0,0.0,0.0,3.0,19.0,20.85,3.0,1.0,11.0,26.648,2.0,1.0,15.0,17.299,5.0,5.0,45.0,64.797,3.0,17833.0,3.0,15.749,2.0,16.183,3.0,14416.0,4.0,165.758,3.0,15.599,1.0,15016.0,260.554,1.0,1.0,0.0,27.583,1.0,3.0,2.0,4.0,3.0,5.0,3.0,2.0,3.0,2.0,1.0,4.0,1.0,3.0,0.3,3.0,0.8,2.0,0.5,3.0,1.2,2.0,0.8,3.0,0.9,4.5,0.0,0.0,24.0,83.046,0.0,0.0,24.0,148.309,5.0,5.0,1.0,5.0,5.0,5.0,5.0,5.0,1.0,5.966,4.517,8.464,7.817,6.816,6.016,7.233,7.834,9.782,88.912,11.538,19.048,62.857,False,False,False,False,False,False,False,False,False,False,False,False,False,False,False,False,False,False,False,False,False,False,False,False,False,False,False,False,False,False,False,False,False,False,False,False,False,False,False,False,False,False,False,False,False,False,False,False,False,False,False,False,False,False,False,False,False,False,True,False,False,False,False,False,False,False,False,False,False,False,False,False,False,False,False,False,False,False,False,False,False,False,False,False,False,False,False,False,False,False,False,False,False,False,False,False,False,False,False,False,False,False,False,False,False,False,False,False,False,False,True,False,False,False,False,False,False,False,False,False,False,False,False,False,False,False,False,False,False,False,False,False,False,False,False,False,False,False,True,False,False,False,False,False,False,False,False,False,False,False,False,False,False,False,False,False,False,False,False,False,False,False,False,False,False,False,False,False,False,False,False,False,False,False,False,False,False,True,False,False,False,False,False,False,False,False,False,False,False,False,False,False,False,False,False,False,False,False,False,False,False,False,False,False,False,False,False,False,False,False,False,False,False,False,False,False,False,False,False,False,False,False,True,False,False,False,False,False,False,False,False,False,False,False,False,False,False,False,False,False,False,False,False,False,False,False,False,False,False,False,False,False,False,False,False,False,False,False,False,False,False,False,False,False,False,False,False,False,False,False,False,False,False,True,2.0,2.0,2.6666666666666665,2.1375,0.024131565293982794,0.0007576674206650127,0.6832430555555558,1.0,2.9304705776498103,0.0001682274435036169,0.19048828497047432,0.12358647963912749,0.0002081021087680355,0.19232002051413552,6.659563132658497e-05,0.8380824673147838,1.1069293779056895,0.11814744801512286,0.6396315722144045,0.7335680751173709,0.8311170212765957,0.6912760956726117,0.6382435537401072,0.10222858311183806,0,REYZNQQCAUTW,36.46532374548996,43.48329414033028,59.418067612233436
JSL2R9Z9BJ62,2.0,1.0,0.29411764705882,1.0,0.0,13.0,0.0,5.0,1.0,2.0,18.0,22.632,0.0,2.0,14.0,16.266,0.0,1.0,17.0,4.667,1.0,5.0,49.0,43.565,3.0,4283.0,4.0,27.548,3.0,172.125,3.0,12491.0,3.0,8.9,4.0,55.815,2.0,6649.0,264.42,2.0,1.0,3.0,29.864,2.0,3.0,2.0,3.0,4.0,3.0,5.0,4.0,4.0,3.0,4.0,4.0,1.0,3.0,6.8,4.0,4.0,2.0,9.1,3.0,3.1,4.0,3.6,3.0,1.9,28.5,0.0,0.0,24.0,84.429,0.0,0.0,24.0,149.077,5.0,5.0,5.0,1.0,5.0,1.0,5.0,5.0,5.0,8.182,6.516,5.915,11.066,12.533,16.8,5.766,15.749,6.617,118.644,3.846,28.571,88.571,False,False,False,False,False,False,False,False,False,False,False,False,False,False,False,False,False,False,False,False,False,False,False,False,False,False,False,False,True,False,False,False,False,False,False,False,False,False,False,False,False,False,False,False,False,False,False,False,False,False,False,False,False,False,False,False,False,False,False,False,False,False,False,False,False,False,False,False,False,False,False,False,False,False,False,False,True,False,False,False,False,False,False,False,False,False,False,False,False,False,False,False,False,False,False,False,False,False,False,False,False,False,False,False,False,False,False,False,False,False,False,False,False,False,False,False,False,False,False,False,False,False,False,False,False,False,False,False,False,False,False,False,False,False,False,False,False,False,True,False,False,False,False,False,False,False,False,False,False,False,False,False,False,False,False,False,False,False,False,False,False,False,False,False,False,False,False,False,False,False,False,False,False,False,False,False,False,True,False,False,False,False,False,False,False,False,False,False,False,False,True,False,False,False,False,False,False,False,False,False,False,False,False,False,False,False,False,False,False,False,False,False,False,False,False,False,False,False,False,False,False,False,False,False,False,False,False,False,False,False,False,False,False,False,False,False,False,False,False,False,False,False,False,False,False,False,False,False,False,False,False,False,False,False,False,False,False,False,False,False,False,False,False,False,False,False,False,False,True,False,False,False,False,False,4.0,3.0,3.5555555555555554,3.725,1.0,0.00347919672306058,0.16944444444444473,1.0,2.2286841306766463,0.0007004436142890498,0.14520110352838683,0.017429193899782137,0.1,0.07166532294186151,0.00030079711234772146,0.6110975311659741,0.7673419275629221,0.8453085376162299,0.09036688957166093,0.3989467804994814,0.05952380952380952,0.8671522719389525,0.3174804749507905,0.755629439322956,0,JSL2R9Z9BJ62,30.049671775735938,42.61376387993196,72.72847726205026
9L9UE1GJH892,1.0,0.0,0.35294117647059,1.0,0.0,8.0,2.0,5.0,19.0,34.0,0.0,63.561,0.0,2.0,14.0,6.641,0.0,0.0,17.0,2.648,19.0,36.0,31.0,72.85,2.0,2078.0,2.0,17.716,2.0,5.092,2.0,20901.0,2.0,6.325,2.0,3.813,2.0,668.0,81.307,2.0,1.0,3.0,34.762,1.0,2.0,2.0,1.0,1.0,1.0,5.0,5.0,1.0,5.0,5.0,1.0,3.0,1.0,5.5,1.0,3.7,2.0,2.7,0.0,11.2,1.0,4.6,2.0,3.2,30.9,1.0,0.0,24.0,91.748,7.0,0.0,24.0,154.977,5.0,1.0,1.0,1.0,1.0,5.0,1.0,1.0,5.0,14.889,8.932,17.725,7.945,12.305,13.94,15.009,9.1,9.246,133.076,26.923,90.476,62.857,False,False,False,False,False,False,False,False,False,False,False,False,False,False,False,False,False,False,False,False,False,False,False,False,False,False,False,False,False,False,False,False,False,False,False,False,False,False,False,False,False,False,False,False,False,False,False,False,False,False,False,False,False,False,False,False,False,False,True,False,False,False,False,False,False,False,False,False,False,False,False,False,False,False,False,False,False,False,False,False,False,False,False,False,False,False,False,False,False,False,False,False,False,False,False,False,False,False,False,False,False,False,False,False,False,False,False,False,False,False,True,False,False,False,False,False,False,False,False,False,False,False,False,False,False,False,False,False,False,False,False,False,False,False,False,False,False,False,True,False,False,False,False,False,False,False,False,False,False,False,False,False,False,False,False,False,False,False,False,False,False,False,False,False,False,False,False,False,False,False,False,False,False,False,False,False,False,True,False,False,False,False,False,False,False,False,False,False,False,False,False,False,False,False,False,False,False,False,False,False,False,False,False,False,False,False,False,False,False,False,False,False,False,False,False,False,False,False,False,False,False,False,True,False,False,False,False,False,False,False,False,False,False,False,False,False,False,False,False,False,False,False,False,False,False,False,False,False,False,False,False,False,False,False,False,False,False,False,False,False,False,False,False,False,False,False,False,False,False,False,False,False,False,True,8.0,2.0,3.0,2.025,0.31620553359683795,0.0011370457202293954,0.6832430555555558,0.0,0.6109816946707145,0.0009624639076034649,0.11289230074508917,0.3927729772191674,9.56892014736137e-05,0.5245213742460005,0.0029940119760479044,0.33581838941500436,0.11195700850873264,0.05641748942172073,0.12586532410320955,0.08126777732629013,0.3586800573888092,0.0666266906522753,0.10989010989010989,0.5407743889249405,1,9L9UE1GJH892,62.07001445787382,77.41938603856444,50.662651895838664
LOSXYY17C37Y,1.0,1.0,0.58823529411765,2.0,0.0,7.0,1.0,0.0,14.0,21.0,5.0,58.564,9.0,29.0,5.0,67.948,5.0,11.0,12.0,0.0,28.0,61.0,22.0,126.512,4.0,3166.0,2.0,5.717,3.0,15.649,2.0,171.0,3.0,17.349,4.0,7.917,1.0,7999.0,74.897,1.0,0.0,1.0,19.083,1.0,2.0,3.0,1.0,5.0,1.0,1.0,5.0,5.0,5.0,5.0,5.0,1.0,1.0,5.8,1.0,2.0,1.0,2.9,1.0,1.2,2.0,3.0,2.0,6.2,21.1,0.0,0.0,24.0,64.948,4.0,0.0,24.0,97.412,1.0,1.0,1.0,1.0,1.0,5.0,1.0,1.0,1.0,3.9,7.417,6.783,5.832,9.867,8.482,22.149,6.667,5.066,100.494,42.308,38.095,68.571,False,False,False,False,False,False,False,False,False,False,False,False,False,False,False,False,False,False,False,False,False,False,False,False,False,False,False,False,False,False,False,False,False,False,False,False,False,False,False,False,False,False,False,False,False,False,False,False,False,False,False,False,False,False,False,False,False,False,True,False,False,False,False,False,False,False,False,False,False,False,False,False,False,False,False,False,False,False,False,False,False,False,False,False,False,False,False,False,False,False,False,False,False,False,False,False,False,False,False,False,True,False,False,False,False,False,False,False,False,False,False,False,False,False,False,False,False,False,False,False,False,False,False,False,False,False,False,False,False,False,False,False,False,False,False,False,False,False,True,False,False,False,False,False,False,False,False,False,False,False,False,False,False,False,False,False,False,False,False,False,False,False,False,False,False,False,False,False,False,False,False,False,False,False,False,False,False,True,False,False,False,False,False,False,False,False,False,False,False,False,False,False,False,False,False,False,False,False,False,False,False,False,False,False,False,False,False,False,False,False,False,False,False,False,False,False,False,False,False,False,False,False,True,False,False,False,False,False,False,False,False,False,False,False,False,False,False,False,False,False,False,False,False,False,False,False,False,False,False,False,False,False,False,False,False,False,False,False,False,False,False,False,False,False,False,False,False,False,False,False,False,False,False,True,12.0,0.0,3.6666666666666665,1.975,0.17292062943109113,0.0021001147450193814,0.6832430555555558,1.0,0.7452882759169702,0.0012634238787113076,0.3498338289312577,0.19170554029011438,0.011695906432748537,0.5052418845522294,0.00012501562695336918,0.25641025641025644,0.1348254011055683,0.14742739200943533,0.17146776406035666,0.10134792743488395,0.5894836123555766,0.04514876518127229,0.14999250037498124,0.19739439399921044,1,LOSXYY17C37Y,63.06369984129021,66.66473986580606,42.29577049750388
FA8ABS6QXX06,1.0,1.0,0.52941176470588,3.0,2.0,10.0,1.0,4.0,18.0,13.0,1.0,99.381,1.0,0.0,13.0,24.469,3.0,0.0,14.0,11.44,22.0,13.0,28.0,135.29,3.0,9717.0,3.0,16.074,3.0,6.071,2.0,7342.0,3.0,8.547,1.0,8.931,2.0,8898.0,65.58,2.0,1.0,1.0,24.335,1.0,2.0,3.0,5.0,3.0,2.0,4.0,4.0,4.0,4.0,3.0,2.0,1.0,2.0,3.9,2.0,1.6,1.0,2.4,3.0,1.984,3.0,0.4,2.0,2.2,12.484,0.0,0.0,24.0,50.995,0.0,0.0,24.0,118.833,5.0,5.0,1.0,5.0,5.0,5.0,1.0,5.0,5.0,9.248,6.071,4.817,5.051,3.361,7.727,7.275,11.006,6.205,83.943,15.385,52.381,68.571,False,False,False,False,False,False,False,False,False,False,False,False,False,False,False,False,False,False,False,False,False,False,False,False,False,False,False,False,False,False,False,False,False,False,False,False,False,False,False,False,False,False,False,False,False,False,False,False,False,False,False,False,False,False,False,False,False,False,True,False,False,False,False,False,False,False,False,False,False,False,False,False,False,False,False,False,False,False,False,False,False,False,False,False,False,False,False,False,False,False,False,False,False,False,False,False,False,False,False,False,False,False,False,False,False,False,False,False,False,False,True,False,False,False,False,False,False,False,False,False,False,False,False,False,False,False,False,False,False,False,False,False,False,False,False,False,False,False,True,False,False,False,False,False,False,False,False,False,False,False,False,False,False,False,False,False,False,False,False,False,False,False,False,False,False,False,False,False,False,False,False,False,False,False,False,False,False,True,False,False,False,False,False,False,False,False,False,False,False,False,False,False,False,False,False,False,False,False,False,False,False,False,False,False,False,False,False,False,False,False,False,False,False,False,False,False,False,False,False,False,False,False,True,False,False,False,False,False,False,False,False,False,False,False,False,False,False,False,False,False,False,False,False,False,False,False,False,False,False,False,False,False,False,False,False,False,False,False,False,False,False,False,False,False,False,False,False,False,False,False,False,False,False,True,0.0,1.0,3.0,2.3125,0.351000351000351,0.001306173178048807,0.6832430555555558,1.0,0.7812444158536149,0.00030873726458783575,0.18663680477790218,0.4941525284137704,0.00027240533914464724,0.11196954428395478,0.0002247696111485727,0.5406574394463668,0.823587547356284,0.2075980900975711,0.9899029895070283,1.4876524843796488,0.6470816617057072,0.1374570446735395,0.4542976558240959,0.8058017727639001,1,FA8ABS6QXX06,34.395798399744216,40.41938090489491,55.5299525319472
I3TAO64HVFP7,3.0,0.0,0.41176470588235,4.0,7.0,8.0,2.0,5.0,16.0,0.0,3.0,45.515,12.0,0.0,2.0,31.932,14.0,0.0,3.0,57.614,42.0,0.0,8.0,135.061,2.0,3117.0,1.0,11.649,2.0,31.081,2.0,11666.0,1.0,13.166,1.0,7.699,2.0,9283.0,87.661,1.0,0.0,1.0,19.316,1.0,2.0,2.0,3.0,4.0,1.0,2.0,3.0,2.0,3.0,2.0,4.0,3.0,3.0,3.679,2.0,5.062,0.0,3.977,2.0,4.482,3.0,7.928,0.0,9.669,34.797,2.0,0.0,24.0,52.096,2.0,0.0,24.0,143.993,1.0,5.0,1.0,1.0,1.0,5.0,1.0,1.0,5.0,7.5,10.916,16.183,11.617,9.232,14.866,9.78,10.233,7.866,125.344,50.0,76.19,51.429,False,False,False,False,False,False,False,False,False,False,False,False,False,False,False,False,False,False,False,False,False,False,False,False,False,False,False,False,False,False,False,False,False,False,False,False,False,False,False,False,False,False,False,False,False,False,False,False,False,False,False,False,False,False,False,False,False,False,True,False,False,False,False,False,False,False,False,False,False,False,False,False,False,False,False,False,False,False,False,False,False,False,False,False,False,False,False,False,False,False,False,False,False,False,False,False,False,False,False,False,False,False,False,False,False,False,False,False,False,False,True,False,False,False,False,False,False,False,False,False,False,False,False,False,False,False,False,False,False,False,False,False,False,False,False,False,False,False,True,False,False,False,False,False,False,False,False,False,False,False,False,False,False,False,False,False,False,False,False,False,False,False,False,False,False,False,False,False,False,False,False,False,False,False,False,False,False,True,False,False,False,False,False,False,False,False,False,False,False,False,False,False,False,False,False,False,False,False,False,False,False,False,False,False,False,False,False,False,False,False,False,False,False,False,False,False,False,False,False,False,False,False,True,False,False,False,False,False,False,False,False,False,False,False,False,False,False,False,False,False,False,False,False,False,False,False,False,False,False,False,False,False,False,False,False,False,False,False,False,False,False,False,False,False,False,False,False,False,False,False,False,False,False,True,4.0,2.0,2.6666666666666665,2.342625,0.07595321282090232,0.0009924803075365644,0.6832430555555558,0.0,0.6993633520551443,0.0006416426050689766,0.0858442784788394,0.06434799395128857,0.00017143836790673754,0.12988699831146902,0.00021544759237315523,0.13333333333333333,0.4580432392817882,0.06179323981956374,0.08608074373762589,0.10831889081455806,0.33633795237454595,0.10224948875255624,0.0977230528681716,0.6356470887363336,1,I3TAO64HVFP7,55.229048786915634,62.55782379937991,49.38352797062043
U0JD20CW4JWD,3.0,0.0,0.35294117647059,1.0,0.0,2.0,2.0,0.0,2.0,3.0,17.0,23.5,2.0,13.0,12.0,31.597,13.0,26.0,4.0,44.415,17.0,42.0,33.0,99.512,3.0,525.0,2.0,20.583,4.0,5.933,3.0,5833.0,4.0,3.716,4.0,2.233,3.0,25.0,46.048,2.0,0.0,0.0,20.966,1.0,2.0,2.0,5.0,5.0,5.0,5.0,5.0,5.0,5.0,5.0,5.0,1.0,3.0,5.964,3.0,4.146,2.0,2.014,3.0,3.912,2.0,1.4,2.0,1.413,18.849,2.0,0.0,24.0,95.03,4.0,0.0,24.0,124.561,1.0,1.0,1.0,5.0,5.0,1.0,1.0,5.0,1.0,1.267,1.067,1.301,2.883,1.234,1.233,1.266,3.167,1.25,33.799,7.692,33.333,71.429,False,False,False,False,False,False,False,False,False,False,False,False,False,False,False,False,False,False,False,False,False,False,False,False,False,False,False,False,False,False,False,False,False,False,False,False,False,False,False,False,True,False,False,False,False,False,False,False,False,False,False,False,False,False,False,False,False,False,False,False,False,False,False,False,False,False,False,False,False,False,False,False,False,False,False,False,False,False,False,False,False,False,False,False,False,False,False,False,False,False,False,False,False,False,False,False,False,False,False,False,False,False,False,False,False,False,False,False,False,False,True,False,False,False,False,False,False,False,False,False,False,False,False,False,False,False,False,False,False,False,False,False,False,False,False,False,False,False,True,False,False,False,False,False,False,False,False,False,False,False,False,False,False,False,False,False,False,False,False,False,False,False,False,False,False,False,False,False,False,False,False,False,False,False,False,False,False,True,False,False,False,False,False,False,False,False,False,False,False,False,False,False,False,False,False,False,False,False,False,False,False,False,False,False,False,False,False,False,False,False,False,False,False,False,False,False,False,False,False,False,False,False,True,False,False,False,False,False,False,False,False,False,False,False,False,False,False,False,False,False,False,False,False,False,False,False,False,False,False,False,False,False,False,False,False,False,False,False,False,False,False,False,False,False,False,False,False,False,False,False,False,False,False,True,0.0,2.0,4.555555555555555,3.13875,1.0764262648008611,0.004360273177343522,0.6832430555555558,0.0,1.362407171809817,0.005714285714285714,0.09716756546664725,0.6741951795044666,0.0005143151037202125,1.7913121361397222,0.12,0.7892659826361484,0.9372071227741331,0.7686395080707149,1.734304543877905,4.051863857374392,0.8110300081103,0.7898894154818326,1.5787811809283234,0.8,0,U0JD20CW4JWD,25.501343119571192,30.47988026602488,65.81240351207552
9BWU6DXHKP1G,0.0,0.0,0.64705882352941,4.0,0.0,0.0,2.0,0.0,16.0,2.0,16.0,119.629,4.0,0.0,11.0,21.347,0.0,2.0,15.0,0.0,20.0,4.0,41.0,140.976,3.0,6696.0,1.0,12.191,1.0,6.921,1.0,16341.0,4.0,42.698,4.0,33.237,3.0,44791.0,162.875,1.0,0.0,1.0,24.833,1.0,1.0,3.0,5.0,2.0,4.0,3.0,2.0,3.0,3.0,2.0,1.0,3.0,2.0,10.967,2.0,12.82,2.0,6.566,2.0,7.899,2.0,4.617,2.0,6.45,49.319,0.0,0.0,24.0,36.448,2.0,0.0,24.0,103.629,1.0,1.0,1.0,5.0,1.0,5.0,1.0,1.0,1.0,11.35,21.782,21.483,24.699,8.449,5.983,7.733,10.633,6.95,144.426,26.923,66.667,62.857,False,False,False,False,False,False,False,False,False,False,False,False,False,False,False,False,False,False,False,False,False,False,False,False,False,False,False,False,False,False,False,False,False,False,False,False,False,False,False,False,False,False,False,False,False,False,False,False,False,False,False,False,False,False,False,False,False,False,True,False,False,False,False,False,False,False,False,False,False,False,False,False,False,False,False,False,False,False,False,False,False,False,False,False,False,False,False,False,False,False,False,False,False,False,False,False,False,False,False,False,False,False,False,False,False,False,False,False,False,False,True,False,False,False,False,False,False,False,False,False,False,False,False,False,False,False,False,False,False,False,False,False,False,False,False,False,False,False,True,False,False,False,False,False,False,False,False,False,False,False,False,False,False,False,False,False,False,False,False,False,False,False,False,False,False,False,False,False,False,False,False,False,False,False,False,False,False,True,False,False,False,False,False,False,False,False,False,False,False,False,False,False,False,False,False,False,False,False,False,False,False,False,False,False,False,False,False,False,False,False,False,False,False,False,False,False,False,False,False,False,False,False,True,False,False,False,False,False,False,False,False,False,False,False,False,False,False,False,False,False,False,False,False,False,False,False,False,False,False,False,False,False,False,False,False,False,False,False,False,False,False,False,False,False,False,False,False,False,False,False,False,False,False,True,0.0,2.0,2.5555555555555554,4.473375,0.0936812028666448,0.00032356583671294177,1.9178194444444445,1.0,1.1277401575893538,0.00044802867383512545,0.08202772537117545,0.14448779078167895,6.119576525304448e-05,0.12034780515690345,6.697774106405305e-05,0.0881057268722467,0.0459094665319989,0.04654843364520784,0.20243734564152394,0.11835720203574387,0.8357011532675915,0.129315918789603,0.09404683532399136,0.14388489208633093,1,9BWU6DXHKP1G,57.09428526332633,64.15621176394218,35.27532372743099
3MXK2K8T4HMV,1.0,0.0,0.47058823529412,2.0,3.0,11.0,2.0,0.0,2.0,1.0,17.0,29.342,1.0,2.0,13.0,25.816,1.0,2.0,16.0,14.166,4.0,5.0,46.0,69.324,4.0,5999.0,3.0,21.182,2.0,16.183,4.0,11299.0,3.0,13.466,4.0,8.484,2.0,9665.0,86.278,2.0,1.0,1.0,25.849,1.0,2.0,2.0,5.0,4.0,4.0,4.0,3.0,5.0,3.0,4.0,2.0,1.0,3.0,7.3,3.0,7.8,3.0,4.4,3.0,2.6,2.0,1.6,3.0,4.6,28.3,0.0,0.0,24.0,57.38,1.0,0.0,24.0,197.724,5.0,5.0,5.0,5.0,5.0,5.0,5.0,5.0,5.0,6.067,21.283,8.882,9.867,6.083,8.083,6.384,14.499,5.517,108.779,38.462,71.429,97.143,False,False,False,False,False,False,False,False,False,False,False,False,False,False,False,False,False,False,False,False,False,False,False,False,False,False,False,False,False,False,False,False,False,False,False,False,False,False,False,False,False,False,False,False,False,False,False,False,False,False,False,False,False,False,False,False,False,False,True,False,False,False,False,False,False,False,False,False,False,False,False,False,False,False,False,False,False,False,False,False,False,False,False,False,False,False,False,False,False,False,False,False,False,False,False,False,False,False,False,False,False,False,False,False,False,False,False,False,False,False,True,False,False,False,False,False,False,False,False,False,False,False,False,False,False,False,False,False,False,False,False,False,False,False,False,False,False,False,True,False,False,False,False,False,False,False,False,False,False,False,False,False,False,False,False,False,False,False,False,False,False,False,False,False,False,False,False,False,False,False,False,False,False,False,False,False,False,True,False,False,False,False,False,False,False,False,False,False,False,False,False,False,False,False,False,False,False,False,False,False,False,False,False,False,False,False,False,False,False,False,False,False,False,False,False,False,False,False,False,False,False,False,True,False,False,False,False,False,False,False,False,False,False,False,False,False,False,False,False,False,False,False,False,False,False,False,False,False,False,False,False,False,False,False,False,False,False,False,False,False,False,False,False,False,False,False,False,False,False,False,False,False,False,True,0.0,2.0,3.3333333333333335,4.0125,0.22278330610426259,0.001736210645645761,0.6791666666666667,0.0,0.7931494130300886,0.0006667777962993832,0.141629685582098,0.12358647963912749,0.00035401362952473673,0.47147571900047147,0.00020693222969477495,0.8241305422778968,0.23492928628482826,0.5629362756136006,0.5067396371744197,0.8219628472793029,0.6185822095756526,0.7832080200501252,0.34485136905993513,0.906289650172195,0,3MXK2K8T4HMV,23.210480797734206,37.54425548783181,69.58751556751153
AXB8ABFO9R4A,4.0,0.0,0.41176470588235,3.0,4.0,11.0,2.0,1.0,2.0,2.0,17.0,23.882,1.0,2.0,13.0,15.416,3.0,0.0,14.0,14.099,6.0,4.0,44.0,53.397,4.0,9.0,2.0,10.367,4.0,2.816,4.0,17882.0,4.0,12.249,2.0,3.583,4.0,4784.0,52.581,1.0,1.0,3.0,19.3,1.0,3.0,2.0,5.0,5.0,4.0,5.0,5.0,5.0,5.0,5.0,5.0,1.0,4.0,17.809,4.0,3.647,4.0,1.699,4.0,5.646,4.0,4.159,4.0,1.079,34.039,2.0,0.0,24.0,185.061,5.0,0.0,24.0,255.186,1.0,5.0,1.0,5.0,5.0,5.0,5.0,5.0,5.0,1.733,3.783,8.267,6.049,2.8,6.399,5.499,8.866,4.949,70.996,6.7,47.6,85.7,False,False,False,False,False,False,False,False,False,False,False,False,False,False,False,False,False,False,False,False,False,False,False,False,False,False,False,False,False,False,False,False,False,False,False,False,False,False,False,False,False,False,False,False,False,False,False,False,False,False,False,False,False,False,False,False,False,False,True,False,False,False,False,False,False,False,False,False,False,False,False,False,False,False,False,False,False,False,False,False,False,False,False,False,False,False,False,False,False,False,False,False,False,False,False,False,False,False,False,False,False,False,False,False,False,False,False,False,False,False,True,False,False,False,False,False,False,False,False,False,False,False,False,False,False,False,False,False,False,False,False,False,False,False,False,False,False,False,True,False,False,False,False,False,False,False,False,False,False,False,False,False,False,False,False,False,False,False,False,False,False,False,False,False,False,False,False,False,False,False,False,False,False,False,False,False,False,True,False,False,False,False,False,False,False,False,False,False,False,False,False,False,False,False,False,False,False,False,False,False,False,False,False,False,False,False,False,False,False,False,False,False,False,False,False,False,False,False,False,False,False,False,True,False,False,False,False,False,False,False,False,False,False,False,False,False,False,False,False,False,False,False,False,False,False,False,False,False,False,False,False,False,False,False,False,False,False,False,False,False,False,False,False,False,False,False,False,False,False,False,False,False,False,True,0.0,3.0,4.444444444444445,5.682,0.3265572699812229,0.0018039227488122049,1.2375555555555557,1.0,0.7406191898135107,0.4444444444444444,0.1929198418057297,1.4204545454545456,0.0002236886254333967,0.558191459670667,0.0008361204013377926,0.5770340450086555,1.3217023526301876,0.12096286440062902,0.8265829062654984,1.7857142857142858,0.7813720893889671,0.9092562284051646,0.5639521768554027,1.0103051121438675,0,AXB8ABFO9R4A,20.997173522856617,23.497064679437948,79.12409562171973
7J5ZV0VHHTOH,3.0,0.0,0.64705882352941,1.0,3.0,9.0,2.0,5.0,5.0,2.0,14.0,44.73,3.0,0.0,11.0,11.4,3.0,0.0,14.0,10.149,11.0,2.0,39.0,66.279,2.0,25615.0,2.0,6.566,2.0,8.516,2.0,5751.0,1.0,7.766,4.0,6.816,1.0,10333.0,71.363,3.0,0.0,1.0,20.432,3.0,2.0,3.0,2.0,3.0,1.0,1.0,1.0,5.0,1.0,2.0,1.0,1.0,0.0,4.1,2.0,3.3,1.0,2.1,2.0,3.0,1.0,5.0,2.0,2.5,20.0,2.0,0.0,24.0,64.63,2.0,0.0,24.0,88.129,1.0,1.0,1.0,1.0,1.0,1.0,1.0,1.0,1.0,6.8,6.733,5.199,4.4,6.5,4.766,4.734,4.9,4.783,71.863,92.308,90.476,31.429,False,False,False,False,False,False,False,False,False,False,False,False,False,False,False,False,False,False,False,False,False,False,False,False,False,False,False,False,False,False,False,False,False,False,False,False,False,False,False,False,False,False,False,False,False,False,False,False,False,False,False,False,False,False,False,False,False,False,True,False,False,False,False,False,False,False,False,False,False,False,False,False,False,False,False,False,False,False,False,False,False,False,False,False,False,False,False,False,False,False,False,False,False,False,False,False,False,False,False,False,False,False,False,False,False,False,False,False,False,False,True,False,False,False,False,False,False,False,False,False,False,False,False,False,False,False,False,False,False,False,False,False,False,False,False,False,False,False,True,False,False,False,False,False,False,False,False,False,False,False,False,False,False,False,False,False,False,False,False,False,False,False,False,False,False,False,False,False,False,False,False,False,False,False,False,False,False,True,False,False,False,False,False,False,False,False,False,False,False,False,False,False,False,False,False,False,False,False,False,False,False,False,False,False,False,False,False,False,False,False,False,False,False,False,False,False,False,False,False,False,False,False,True,False,False,False,False,False,False,False,False,False,False,False,False,False,False,False,False,False,False,False,False,False,False,False,False,False,False,False,False,False,False,False,False,False,False,False,False,False,False,False,False,False,False,False,False,False,False,False,False,False,False,True,9.0,1.0,1.7777777777777777,1.9249999999999998,0.12876641771825909,0.00045501447868045227,0.14722222222222214,1.0,0.9930423166302548,7.807925043919578e-05,0.3045994517209869,0.23485204321277595,0.0003477656059815684,0.5868544600938967,9.677731539727088e-05,0.14705882352941177,0.1485222040695084,0.19234468166955185,0.22727272727272727,0.15384615384615385,0.209819555182543,0.21123785382340515,0.2040816326530612,0.2090738030524775,1,7J5ZV0VHHTOH,55.61920815109232,56.20184080233739,33.55158225972419
WAKJTTT9MQBH,0.0,1.0,0.35294117647059,2.0,2.0,7.0,0.0,0.0,2.0,1.0,17.0,17.294,1.0,2.0,13.0,11.009,2.0,1.0,15.0,10.199,5.0,4.0,45.0,38.502,2.0,3733.0,1.0,10.012,2.0,5.716,1.0,6243.0,2.0,32.323,3.0,42.825,1.0,3348.0,104.2,1.0,1.0,1.0,54.941,1.0,4.0,2.0,4.0,1.0,1.0,2.0,3.0,3.0,3.0,3.0,1.0,2.0,1.0,6.451,2.0,9.804,2.0,3.671,2.0,2.996,1.0,14.193,2.0,2.294,39.409,0.0,0.0,24.0,85.244,0.0,0.0,24.0,237.793,1.0,5.0,5.0,5.0,1.0,1.0,1.0,5.0,1.0,3.683,3.65,2.899,3.214,3.684,4.102,4.68,5.798,4.18,59.961,46.154,57.143,68.571,False,False,False,False,False,False,False,False,False,False,False,False,False,False,False,False,False,False,False,False,False,False,False,False,False,False,False,False,False,False,False,False,True,False,False,False,False,False,False,False,False,False,False,False,False,False,False,False,False,False,False,False,False,False,False,False,False,False,False,True,False,False,False,False,False,False,False,False,False,False,False,False,False,False,False,False,False,False,False,False,False,False,False,False,False,False,False,False,False,False,False,False,False,False,False,False,False,False,False,False,False,False,False,False,False,False,False,False,False,False,False,False,False,False,False,False,False,False,False,False,False,False,False,False,False,False,False,False,False,False,False,False,False,False,False,False,False,False,True,True,False,False,False,False,False,False,False,False,False,False,False,False,False,False,False,False,False,False,False,False,False,False,False,False,False,False,False,False,False,False,False,False,False,False,False,False,False,False,False,False,False,False,False,False,True,False,False,False,False,False,False,False,False,False,False,False,False,False,False,False,False,False,False,False,False,False,False,False,False,False,False,False,False,False,False,False,False,False,False,False,False,False,False,False,False,False,True,False,False,False,False,False,False,False,False,False,False,False,False,False,False,False,False,False,False,False,False,False,False,False,False,False,False,False,False,False,False,False,False,False,False,False,False,False,False,False,False,False,False,False,False,False,False,False,2.0,0.0,2.111111111111111,3.281875,0.06187544472975899,0.0018609542616150343,1.1707638888888887,2.0,1.737796234218909,0.0005357621216180017,0.0998801438274071,0.34989503149055284,0.00016017940092904052,0.07005253940455342,0.0002986857825567503,0.27151778441487917,1.36986301369863,1.7247326664367022,1.5556938394523958,0.2714440825190011,0.24378352023403216,0.2136752136752137,0.8623663332183511,0.23923444976076558,1,WAKJTTT9MQBH,36.94000057581911,52.038664234399974,46.6089737070058
2KDMRCQSLCGP,1.0,0.0,0.35294117647059,2.0,4.0,2.0,2.0,5.0,3.0,0.0,16.0,32.516,2.0,2.0,12.0,14.88,3.0,0.0,14.0,11.332,8.0,2.0,42.0,58.728,4.0,2366.0,4.0,1.684,2.0,2.349,4.0,19829.0,4.0,13.866,3.0,4.118,4.0,11398.0,55.61,2.0,1.0,1.0,20.562,1.0,3.0,2.0,4.0,5.0,5.0,4.0,5.0,5.0,5.0,5.0,5.0,1.0,4.0,3.3,3.0,3.7,4.0,1.4,3.0,1.7,4.0,1.3,3.0,1.1,12.5,0.0,0.0,24.0,54.131,13.0,0.0,24.0,151.868,5.0,5.0,1.0,5.0,5.0,5.0,5.0,5.0,5.0,7.116,6.317,6.65,5.4,4.016,3.05,7.864,4.883,4.333,72.777,0.0,0.0,68.571,False,False,False,False,False,False,False,False,False,False,False,False,False,False,False,False,False,False,False,False,False,False,False,False,False,False,False,False,False,False,False,False,False,False,False,False,False,False,False,False,False,False,False,False,False,False,False,False,False,False,False,False,False,False,False,False,False,False,True,False,False,False,False,False,False,False,False,False,False,False,False,False,False,False,False,False,False,False,False,False,False,False,False,False,False,False,False,False,False,False,False,False,False,False,False,False,False,False,False,False,False,False,False,False,False,False,False,False,False,False,True,False,False,False,False,False,False,False,False,False,False,False,False,False,False,False,False,False,False,False,False,False,False,False,False,False,False,False,True,False,False,False,False,False,False,False,False,False,False,False,False,False,False,False,False,False,False,False,False,False,False,False,False,False,False,False,False,False,False,False,False,False,False,False,False,False,False,True,False,False,False,False,False,False,False,False,False,False,False,False,False,False,False,False,False,False,False,False,False,False,False,False,False,False,False,False,False,False,False,False,False,False,False,False,False,False,False,False,False,False,False,False,True,False,False,False,False,False,False,False,False,False,False,False,False,False,False,False,False,False,False,False,False,False,False,False,False,False,False,False,False,False,False,False,False,False,False,False,False,False,False,False,False,False,False,False,False,False,False,False,False,False,False,True,2.0,2.0,4.444444444444445,3.5,0.28847540747151307,0.0013671231897171411,0.6832430555555558,1.0,0.7641150363438999,0.0016906170752324597,2.375296912114014,0.8514261387824605,0.0002017247465832871,0.7285089849441476,0.00035093876118617303,0.7026419336706015,0.791514959632737,0.15037593984962405,0.9259259259259258,1.245019920318725,1.639344262295082,0.6358087487283826,1.0239606799098915,1.1539349180706209,0,2KDMRCQSLCGP,20.119015662759324,22.871041545472607,80.16294889749113
EKZWA6AK3XBJ,3.0,1.0,0.58823529411765,3.0,2.0,3.0,1.0,0.0,3.0,0.0,16.0,17.113,3.0,0.0,11.0,8.233,3.0,0.0,14.0,7.767,9.0,0.0,41.0,33.113,2.0,1115.0,3.0,12.683,2.0,12.733,2.0,12182.0,1.0,7.75,1.0,9.466,1.0,9033.0,74.997,1.0,0.0,1.0,25.149,1.0,1.0,3.0,3.0,3.0,1.0,3.0,1.0,3.0,3.0,3.0,1.0,3.0,1.0,6.262,2.0,8.565,1.0,5.53,2.0,8.545,2.0,6.749,1.0,1.852,37.503,0.0,0.0,24.0,70.297,1.0,0.0,24.0,139.211,1.0,1.0,1.0,1.0,1.0,1.0,1.0,1.0,1.0,6.616,6.616,10.9,10.433,4.383,8.283,18.65,8.266,9.8,105.395,73.077,76.19,40.0,False,False,False,False,False,False,False,False,False,False,False,False,False,False,False,False,False,False,False,False,False,False,False,False,False,False,False,False,False,False,False,False,False,False,False,False,False,False,False,False,False,False,False,False,False,False,False,False,False,False,False,False,False,False,False,False,False,False,True,False,False,False,False,False,False,False,False,False,False,False,False,False,False,False,False,False,False,False,False,False,False,False,False,False,False,False,False,False,False,False,False,False,False,False,False,False,False,False,False,False,False,False,False,False,False,False,False,False,False,False,True,False,False,False,False,False,False,False,False,False,False,False,False,False,False,False,False,False,False,False,False,False,False,False,False,False,False,False,True,False,False,False,False,False,False,False,False,False,False,False,False,False,False,False,False,False,False,False,False,False,False,False,False,False,False,False,False,False,False,False,False,False,False,False,False,False,False,True,False,False,False,False,False,False,False,False,False,False,False,False,False,False,False,False,False,False,False,False,False,False,False,False,False,False,False,False,False,False,False,False,False,False,False,False,False,False,False,False,False,False,False,False,True,False,False,False,False,False,False,False,False,False,False,False,False,False,False,False,False,False,False,False,False,False,False,False,False,False,False,False,False,False,False,False,False,False,False,False,False,False,False,False,False,False,False,False,False,False,False,False,False,False,False,True,6.0,2.0,2.3333333333333335,2.9783749999999998,0.12903225806451613,0.0007580752629607012,0.6450416666666663,1.0,0.7115802457422079,0.0017937219730941704,0.23653709690136404,0.1570721746642582,0.00016417665407978985,0.10564124234100994,0.00011070519207350825,0.15114873035066506,0.15114873035066506,0.09174311926605504,0.09584970765839164,0.22815423226100845,0.12072920439454304,0.05361930294906166,0.12097749818533753,0.1020408163265306,1,EKZWA6AK3XBJ,54.11660670885717,66.39252047793713,34.63180061352783
7CJPD6ATH0TS,1.0,0.0,0.58823529411765,1.0,2.0,2.0,2.0,5.0,6.0,6.0,13.0,45.297,0.0,9.0,14.0,37.771,3.0,6.0,14.0,29.825,9.0,21.0,41.0,112.893,4.0,18531.0,3.0,18.018,1.0,10.73,4.0,14737.0,4.0,7.449,4.0,8.045,4.0,17726.0,95.236,2.0,2.0,1.0,27.569,2.0,3.0,2.0,5.0,5.0,5.0,5.0,5.0,5.0,5.0,5.0,5.0,3.0,4.0,3.896,4.0,2.598,2.0,3.299,4.0,1.297,3.0,2.495,4.0,2.199,15.784,0.0,0.0,24.0,91.885,22.0,0.0,10.0,300.0,5.0,5.0,5.0,5.0,5.0,5.0,1.0,5.0,5.0,10.448,7.831,8.517,6.585,5.847,10.263,8.564,9.349,10.148,106.528,23.077,47.619,85.714,False,False,False,False,False,False,False,False,False,False,False,False,False,False,False,False,False,False,False,False,False,False,False,False,False,False,False,False,False,False,False,False,False,False,False,True,False,False,False,False,False,False,False,False,False,False,False,False,False,False,False,False,False,False,False,False,False,False,False,False,False,False,False,False,False,False,False,False,False,False,False,False,False,False,False,False,False,False,False,False,False,False,False,False,False,False,False,False,False,False,False,False,False,False,False,False,False,False,False,False,False,False,False,False,False,False,False,False,False,False,True,False,False,False,False,False,False,False,False,False,False,False,False,False,False,False,False,False,False,False,False,False,False,False,False,False,False,False,True,False,False,False,False,False,False,False,False,False,False,False,False,False,False,False,False,False,False,False,False,False,False,False,False,False,False,False,False,False,False,False,False,False,False,False,False,False,False,True,False,False,False,False,False,False,False,False,False,False,False,False,False,False,False,False,False,False,False,False,False,False,False,False,False,False,False,False,False,False,False,False,False,False,False,False,False,False,False,False,False,False,False,False,True,False,False,False,False,False,False,False,False,False,False,False,False,False,False,False,False,False,False,False,False,False,False,False,False,False,False,False,False,False,False,False,False,False,False,False,False,False,False,False,False,False,False,False,False,False,False,False,False,False,False,True,0.0,1.0,4.777777777777778,3.43675,0.5369848301785475,0.0008809063547605648,0.6832430555555558,1.0,0.8939996996094923,0.00021585451405752522,0.1665001665001665,0.09319664492078285,0.0002714256632964647,0.49720323182100684,0.0002256572266726842,0.4785604900459418,0.6384880602732729,0.5870611717740989,0.7593014426727411,0.8551393877201984,0.48718698236383123,0.11676786548341896,0.5348165579206332,0.49270792274339775,0,7CJPD6ATH0TS,20.16987604029052,31.915029690215565,69.02802489928746
YZ9PZX2D9B6T,1.0,1.0,0.47058823529412,2.0,0.0,10.0,1.0,2.0,19.0,4.0,0.0,62.347,12.0,0.0,2.0,55.147,14.0,0.0,3.0,0.0,45.0,4.0,5.0,117.494,4.0,10949.0,1.0,10.766,1.0,4.45,1.0,10516.0,1.0,4.384,4.0,3.366,1.0,4433.0,48.864,1.0,1.0,2.0,14.716,2.0,1.0,3.0,3.0,5.0,4.0,5.0,4.0,5.0,5.0,5.0,5.0,5.0,1.0,3.094,4.0,7.161,0.0,3.495,4.0,7.943,1.0,7.861,4.0,3.494,33.048,0.0,0.0,24.0,38.701,0.0,0.0,24.0,55.199,1.0,1.0,5.0,1.0,1.0,1.0,1.0,5.0,5.0,3.167,4.55,9.566,6.017,3.283,5.333,3.7,5.0,3.267,64.495,65.385,80.952,48.571,False,False,False,False,False,False,False,False,False,False,False,False,False,False,False,False,False,False,False,False,False,False,False,False,False,False,False,False,False,False,False,False,False,False,False,False,False,False,True,False,False,False,False,False,False,False,False,False,False,False,False,False,False,False,False,False,False,False,False,False,False,False,False,False,False,False,False,False,False,False,False,False,False,False,False,False,False,False,False,False,False,False,False,False,False,False,False,True,False,False,False,False,False,False,False,False,False,False,False,False,False,False,False,False,False,False,False,False,False,False,False,False,False,False,False,False,False,False,False,False,False,False,False,False,False,False,False,False,False,False,False,False,False,False,False,False,False,False,True,False,False,False,False,False,False,False,False,False,False,False,False,False,False,False,False,False,False,False,True,False,False,False,False,False,False,False,False,False,False,False,False,False,False,False,False,False,False,False,False,False,False,False,False,False,False,False,False,False,False,False,False,False,False,False,False,False,False,True,False,False,False,False,False,False,False,False,False,False,False,False,False,False,False,False,False,False,False,False,False,False,False,False,False,False,False,False,False,False,False,False,False,False,False,False,False,False,False,False,False,False,False,False,False,False,False,False,False,False,False,False,False,False,False,False,False,False,False,False,False,False,False,False,False,False,False,False,False,False,False,False,False,False,True,False,6.0,2.0,4.777777777777778,3.031875,0.22810218978102187,0.0010021115260709335,0.6832430555555558,1.0,0.7576401271416388,0.00036533016713855145,0.09288500835965076,0.2247191011235955,9.509319132750095e-05,1.1883541295306002,0.00022558087074216106,0.3157562361856647,0.21978021978021978,0.5226845076311938,0.16619577862722285,0.3045994517209869,0.18751171948246764,0.27027027027027023,1.0,1.5304560759106214,1,YZ9PZX2D9B6T,40.890188408435485,42.89538825592981,43.300366276866235
9IGDF7ZDLII5,1.0,1.0,0.47058823529412,1.0,0.0,10.0,2.0,2.0,7.0,1.0,12.0,41.149,0.0,6.0,14.0,55.63,2.0,0.0,15.0,13.749,9.0,7.0,41.0,110.528,2.0,4133.0,1.0,10.15,1.0,36.907,2.0,17882.0,1.0,21.382,1.0,6.133,2.0,6017.0,102.604,1.0,1.0,0.0,17.715,1.0,2.0,1.0,1.0,1.0,1.0,1.0,1.0,1.0,1.0,1.0,1.0,3.0,0.0,2.7,1.0,3.9,1.0,0.6,1.0,0.5,1.0,0.4,1.0,0.8,8.9,2.0,0.0,24.0,124.894,2.0,0.0,24.0,177.508,1.0,1.0,1.0,1.0,1.0,1.0,1.0,1.0,1.0,4.101,4.816,4.45,4.749,6.065,4.334,3.982,6.483,6.033,69.362,92.308,90.476,0.0,False,False,False,False,False,False,False,False,False,False,False,False,False,False,False,False,False,False,False,False,False,False,False,False,False,False,False,False,False,False,False,False,False,False,False,False,False,False,False,False,False,False,False,False,False,False,False,False,False,False,False,False,False,False,False,False,False,False,True,False,False,False,False,False,False,False,False,False,False,False,False,False,False,False,False,False,False,False,False,False,False,False,False,False,False,False,False,False,False,False,False,False,False,False,False,False,False,False,False,False,False,False,False,False,False,False,False,False,False,False,True,False,False,False,False,False,False,False,False,False,False,False,False,False,False,False,False,False,False,False,False,False,False,False,False,False,False,False,True,False,False,False,False,False,False,False,False,False,False,False,False,False,False,False,False,False,False,False,False,False,False,False,False,False,False,False,False,False,False,False,False,False,False,False,False,False,False,True,False,False,False,False,False,False,False,False,False,False,False,False,False,False,False,False,False,False,False,False,False,False,False,False,False,False,False,False,False,False,False,False,False,False,False,False,False,False,False,False,False,False,False,False,True,False,False,False,False,False,False,False,False,False,False,False,False,False,False,False,False,False,False,False,False,False,False,False,False,False,False,False,False,False,False,False,False,False,False,False,False,False,False,False,False,False,False,False,False,False,False,False,False,False,False,True,4.0,2.0,1.2222222222222223,1.4500000000000002,0.046768309793284064,0.0005332394073591446,0.22777777777777786,1.0,1.4792537700758341,0.0004839099927413501,0.09852216748768472,0.02709513100495841,0.00011184431271669836,0.16305233980107614,0.00033239155725444574,0.24384296513045597,0.20764119601328904,0.2247191011235955,0.2105706464518846,0.16488046166529266,0.23073373327180435,0.25113008538422904,0.15424957581366652,0.1657550140891762,1,9IGDF7ZDLII5,60.447340489908235,59.059479958172496,38.193114200344844
VADVPB0AT3PN,3.0,0.0,0.58823529411765,1.0,2.0,6.0,2.0,2.0,17.0,27.0,2.0,84.73,6.0,23.0,8.0,51.281,6.0,13.0,11.0,0.0,29.0,63.0,21.0,136.011,4.0,1549.0,3.0,18.566,2.0,13.066,3.0,14116.0,3.0,4.917,4.0,8.433,4.0,7266.0,67.913,1.0,1.0,1.0,26.882,1.0,3.0,2.0,5.0,5.0,5.0,5.0,5.0,5.0,5.0,5.0,1.0,1.0,3.0,8.7,4.0,5.4,3.0,4.4,3.0,11.6,3.0,3.3,3.0,3.7,37.1,0.0,0.0,24.0,58.881,5.0,0.0,24.0,115.594,5.0,5.0,5.0,5.0,5.0,5.0,5.0,5.0,5.0,6.751,4.716,10.666,12.548,9.867,11.433,8.867,7.5,10.431,106.412,19.231,42.857,82.857,False,False,False,False,False,False,False,False,False,False,False,False,False,True,False,False,False,False,False,False,False,False,False,False,False,False,False,False,False,False,False,False,False,False,False,False,False,False,False,False,False,False,False,False,False,False,False,False,False,False,False,False,False,False,False,False,False,False,False,False,False,False,False,False,False,False,False,False,False,False,False,False,False,False,True,False,False,False,False,False,False,False,False,False,False,False,False,False,False,False,False,False,False,False,False,False,False,False,False,False,False,False,False,False,False,False,False,False,False,False,False,False,False,False,False,False,False,False,False,False,False,False,False,False,False,False,False,False,False,False,False,False,False,False,False,True,False,False,False,False,False,False,False,False,False,False,False,False,False,False,False,False,False,False,False,False,False,False,False,False,False,False,False,True,False,False,False,False,False,False,False,False,False,False,False,False,False,False,False,False,False,False,False,False,False,False,False,False,False,False,False,False,False,False,False,False,False,False,False,False,False,False,False,False,False,False,False,False,False,False,False,False,False,False,False,False,False,False,True,False,False,False,False,False,False,False,False,False,False,False,False,False,False,False,False,False,False,False,False,False,False,False,False,False,False,False,False,False,False,False,False,False,False,False,False,False,False,True,False,False,False,False,False,False,False,False,False,False,False,False,False,False,False,False,0.0,3.0,4.111111111111111,4.1375,0.6101281269066504,0.002085377709475865,0.02638888888888946,1.0,0.6382080968311844,0.0025823111684958036,0.16158569427986644,0.1530690341343946,0.00021252479455936526,0.47432704849994073,0.0005505092210294523,0.7406310176270182,1.0602205258693809,0.46877929870616913,0.3984698756773988,0.5067396371744197,0.4373305344179131,0.563888575617458,0.6666666666666666,0.47934042757166145,0,VADVPB0AT3PN,17.663353909449285,27.413099546978227,77.30288044429491
1QEYNUL90SWJ,1.0,0.0,0.35294117647059,2.0,5.0,11.0,2.0,5.0,6.0,7.0,13.0,39.256,2.0,1.0,12.0,9.133,0.0,3.0,17.0,10.649,8.0,11.0,42.0,59.038,4.0,983.0,1.0,1.933,3.0,1.734,1.0,12132.0,3.0,2.434,1.0,5.433,3.0,1407.0,26.056,3.0,2.0,3.0,46.882,2.0,1.0,2.0,5.0,5.0,5.0,5.0,5.0,5.0,5.0,5.0,3.0,1.0,4.0,2.333,4.0,2.715,4.0,1.682,4.0,2.217,4.0,0.116,4.0,0.066,9.129,0.0,0.0,24.0,118.494,0.0,0.0,24.0,208.401,1.0,5.0,5.0,5.0,5.0,5.0,5.0,5.0,1.0,46.732,33.024,15.532,7.067,4.3,11.267,19.441,6.783,3.966,171.816,19.231,52.381,85.714,False,False,False,False,False,False,False,False,False,False,False,False,False,False,False,False,False,False,False,False,False,False,False,False,False,False,False,False,False,False,False,False,False,False,False,False,False,False,False,False,False,False,False,False,False,False,False,False,False,False,False,False,False,False,False,False,False,False,True,False,False,False,False,False,False,False,False,False,False,False,False,False,False,False,False,False,False,False,False,False,False,False,False,False,False,False,False,False,False,False,False,False,False,False,False,False,False,False,False,False,False,False,False,False,False,False,False,False,False,False,True,False,False,False,False,False,False,False,False,False,False,False,False,False,False,False,False,False,False,False,False,False,False,False,False,False,False,False,True,False,False,False,False,False,False,False,False,False,False,False,False,False,False,False,False,False,False,False,False,False,False,False,False,False,False,False,False,False,False,False,False,False,False,False,False,False,False,True,False,False,False,False,False,False,False,False,False,False,False,False,False,False,False,False,False,False,False,False,False,False,False,False,False,False,False,False,False,False,False,False,False,False,False,False,False,False,False,False,False,False,False,False,True,False,False,False,False,False,False,False,False,False,False,False,False,False,False,False,False,False,False,False,False,False,False,False,False,False,False,False,False,False,False,False,False,False,False,False,False,False,False,False,False,False,False,False,False,False,False,False,False,False,False,True,0.0,3.0,4.333333333333333,3.6310000000000002,1.2325390304026294,0.0022522170517536954,0.6832430555555558,1.0,0.15165060297061975,0.004069175991861648,0.5173305742369374,1.7301038062283738,8.242664029014178e-05,0.18406037180195103,0.0021321961620469083,0.021398613369853634,0.1514050387596899,0.3219160442956477,0.7075137965190321,1.1627906976744187,0.4437738528445904,0.25718841623373284,0.7371369600471768,0.2521432173474533,0,1QEYNUL90SWJ,30.80180019059671,37.20564284896866,64.01555738483879
EN3ALMKV2XAH,1.0,0.0,0.47058823529412,0.0,0.0,0.0,0.0,0.0,0.0,0.0,19.0,5.817,0.0,0.0,14.0,3.25,0.0,0.0,17.0,2.333,0.0,0.0,50.0,11.4,4.0,3434.0,2.0,8.033,4.0,6.566,1.0,164321.0,4.0,7.25,2.0,4.016,3.0,4817.0,198.437,2.0,2.0,3.0,26.981,2.0,3.0,1.0,5.0,5.0,5.0,5.0,5.0,5.0,5.0,5.0,5.0,1.0,2.0,3.0,4.0,1.6,4.0,1.9,3.0,1.6,4.0,2.6,4.0,1.6,12.3,3.0,0.0,24.0,177.47,9.0,0.0,24.0,297.723,1.0,5.0,5.0,1.0,5.0,5.0,5.0,1.0,5.0,9.083,2.841,2.232,2.482,1.484,2.948,3.633,6.333,3.283,60.938,11.538,23.81,100.0,False,False,False,False,False,False,False,False,False,False,False,False,False,False,False,False,False,False,False,False,False,False,False,False,False,False,False,False,False,False,False,False,False,False,False,False,False,False,False,False,False,False,False,False,False,False,False,False,False,False,False,False,False,False,False,False,False,False,True,False,False,False,False,False,False,False,False,False,False,False,False,False,False,False,False,False,False,False,False,False,False,False,False,False,False,False,False,False,False,False,False,False,False,False,False,False,False,False,False,False,False,False,False,False,False,False,False,False,False,False,True,False,False,False,False,False,False,False,False,False,False,False,False,False,False,False,False,False,False,False,False,False,False,False,False,False,False,False,True,False,False,False,False,False,False,False,False,False,False,False,False,False,False,False,False,False,False,False,False,False,False,False,False,False,False,False,False,False,False,False,False,False,False,False,False,False,False,True,False,False,False,False,False,False,False,False,False,False,False,False,False,False,False,False,False,False,False,False,False,False,False,False,False,False,False,False,False,False,False,False,False,False,False,False,False,False,False,False,False,False,False,False,True,False,False,False,False,False,False,False,False,False,False,False,False,False,False,False,False,False,False,False,False,False,False,False,False,False,False,False,False,False,False,False,False,False,False,False,False,False,False,False,False,False,False,False,False,False,False,False,False,False,False,True,0.0,3.0,4.555555555555555,3.2,0.5517241379310345,0.00023751739358700844,0.6832430555555558,2.0,3.2563753323049656,0.0011648223645894002,0.24897298643097227,0.6091989034419738,6.0856494300789305e-06,0.49800796812749004,0.0006227942702927133,0.1100957833314984,1.7599436818021823,2.240143369175627,0.40290088638195,3.3692722371967654,1.6960651289009498,1.3762730525736306,0.15790304752881731,1.5229972586049345,0,EN3ALMKV2XAH,19.302041806028367,30.505758532306107,82.19149813879068
CK67CCD9KKZJ,3.0,0.0,0.35294117647059,0.0,0.0,0.0,0.0,0.0,3.0,0.0,16.0,16.399,0.0,0.0,14.0,2.533,0.0,0.0,17.0,3.199,3.0,0.0,47.0,22.131,2.0,2583.0,3.0,2.617,4.0,8.3,1.0,9149.0,4.0,9.2,3.0,13.366,4.0,6083.0,51.298,2.0,1.0,1.0,32.75,1.0,3.0,2.0,5.0,5.0,5.0,5.0,5.0,5.0,5.0,5.0,5.0,1.0,4.0,5.4,4.0,1.8,4.0,2.3,3.0,1.0,4.0,3.0,4.0,4.5,18.0,1.0,0.0,24.0,64.364,3.0,0.0,24.0,124.244,5.0,5.0,5.0,1.0,5.0,5.0,5.0,5.0,5.0,4.501,7.066,5.299,7.6,4.616,9.15,5.633,5.55,5.999,86.896,11.538,4.762,57.143,False,False,False,False,False,False,False,False,False,False,False,False,False,False,False,False,False,False,False,False,False,False,False,False,False,False,False,False,False,False,False,False,False,False,False,False,False,False,False,False,False,False,False,False,False,False,False,False,False,False,False,False,False,False,False,False,False,False,True,False,False,False,False,False,False,False,False,False,False,False,False,False,False,False,False,False,False,False,False,False,False,False,False,False,False,False,False,False,False,False,False,False,False,False,False,False,False,False,False,False,False,False,False,False,False,False,False,False,False,False,True,False,False,False,False,False,False,False,False,False,False,False,False,False,False,False,False,False,False,False,False,False,False,False,False,False,False,False,True,False,False,False,False,False,False,False,False,False,False,False,False,False,False,False,False,False,False,False,False,False,False,False,False,False,False,False,False,False,False,False,False,False,False,False,False,False,False,True,False,False,False,False,False,False,False,False,False,False,False,False,False,False,False,False,False,False,False,False,False,False,False,False,False,False,False,False,False,False,False,False,False,False,False,False,False,False,False,False,False,False,False,False,True,False,False,False,False,False,False,False,False,False,False,False,False,False,False,False,False,False,False,False,False,False,False,False,False,False,False,False,False,False,False,False,False,False,False,False,False,False,False,False,False,False,False,False,False,False,False,False,False,False,False,True,0.0,3.0,4.555555555555555,3.775,0.4347826086956522,0.002573141404580561,0.6832430555555558,1.0,0.5903378751611121,0.0007742934572202865,1.146350783339702,0.48192771084337344,0.00010930156301235107,0.2244500972617088,0.0006575702778234424,1.110864252388358,0.7076139258420606,0.9435742592942064,0.13157894736842105,1.0831889081455808,0.5464480874316939,0.8876264867743654,0.9009009009009009,0.833472245374229,0,CK67CCD9KKZJ,17.109407687221918,33.03868018870851,83.63778912244766
NO8JX88TRODG,3.0,0.0,0.47058823529412,3.0,2.0,2.0,1.0,2.0,3.0,1.0,16.0,29.765,3.0,0.0,11.0,14.166,3.0,0.0,14.0,10.4,9.0,1.0,41.0,54.331,2.0,19049.0,1.0,13.415,2.0,9.716,2.0,71.0,3.0,8.116,3.0,3.967,2.0,37549.0,98.912,1.0,1.0,1.0,24.816,1.0,2.0,3.0,2.0,2.0,1.0,3.0,3.0,3.0,2.0,3.0,1.0,5.0,1.0,4.376,1.0,2.445,1.0,0.732,1.0,1.915,1.0,2.016,1.0,1.165,12.649,2.0,0.0,24.0,71.247,1.0,0.0,24.0,120.478,1.0,1.0,1.0,1.0,1.0,1.0,1.0,1.0,5.0,7.549,11.183,4.75,5.733,5.499,6.833,4.433,6.867,6.317,82.113,53.846,42.857,48.571,False,False,False,False,False,False,False,False,False,False,False,False,False,False,False,False,False,False,False,False,False,False,False,False,False,False,False,False,False,False,False,False,False,False,False,False,False,False,False,False,False,False,False,False,False,False,False,False,False,False,False,False,False,False,False,False,False,False,True,False,False,False,False,False,False,False,False,False,False,False,False,False,False,False,False,False,False,False,False,False,False,False,False,False,False,False,False,False,False,False,False,False,False,False,False,False,False,False,False,False,False,False,False,False,False,False,False,False,False,False,True,False,False,False,False,False,False,False,False,False,False,False,False,False,False,False,False,False,False,False,False,False,False,False,False,False,False,False,True,False,False,False,False,False,False,False,False,False,False,False,False,False,False,False,False,False,False,False,False,False,False,False,False,False,False,False,False,False,False,False,False,False,False,False,False,False,False,True,False,False,False,False,False,False,False,False,False,False,False,False,False,False,False,False,False,False,False,False,False,False,False,False,False,False,False,False,False,False,False,False,False,False,False,False,False,False,False,False,False,False,False,False,True,False,False,False,False,False,False,False,False,False,False,False,False,False,False,False,False,False,False,False,False,False,False,False,False,False,False,False,False,False,False,False,False,False,False,False,False,False,False,False,False,False,False,False,False,False,False,False,False,False,False,True,9.0,2.0,2.5555555555555554,1.602625,0.3696402168555939,0.0004229936082493342,0.6832430555555558,1.0,1.2045839270273893,0.00010499238805186623,0.07454342154304883,0.2058460271716756,0.028169014084507043,0.7562389715149987,5.32637353857626e-05,0.13246787653993905,0.08942144326209425,0.21052631578947367,0.1744287458573173,0.18185124568103292,0.14634860237084735,0.22558087074216107,0.145623998835008,0.791514959632737,1,NO8JX88TRODG,56.92645662705464,58.28373780341246,32.909342328542806
VWME5IBTHGK5,3.0,1.0,0.52941176470588,1.0,2.0,13.0,1.0,0.0,17.0,1.0,2.0,59.665,5.0,2.0,9.0,58.481,8.0,1.0,9.0,0.0,30.0,4.0,20.0,118.146,4.0,7033.0,4.0,13.148,2.0,13.116,4.0,17733.0,1.0,2.916,4.0,3.517,1.0,11432.0,68.895,2.0,2.0,3.0,15.932,2.0,1.0,2.0,3.0,4.0,3.0,3.0,4.0,4.0,5.0,5.0,5.0,1.0,3.0,11.295,4.0,5.032,0.0,10.611,2.0,8.11,3.0,15.66,4.0,7.783,58.491,0.0,0.0,24.0,79.914,5.0,0.0,24.0,166.675,5.0,5.0,5.0,5.0,5.0,5.0,1.0,5.0,5.0,6.817,4.733,8.2335,6.475,9.566,113.711,7.5415,6.249,9.666,180.0,46.154,66.667,71.429,False,False,False,False,False,False,False,False,False,False,False,False,False,False,False,False,False,False,False,False,False,False,False,False,False,False,False,False,False,False,False,False,False,False,False,False,False,False,False,False,False,False,False,False,False,False,False,False,False,False,False,False,False,False,False,False,False,False,True,False,False,False,False,False,False,False,False,False,False,False,False,False,False,False,False,False,False,False,False,False,False,False,False,False,False,False,False,False,False,False,False,False,False,False,False,False,False,False,False,False,False,False,False,False,False,False,False,False,False,False,True,False,False,False,False,False,False,False,False,False,False,False,False,False,False,False,False,False,False,False,False,False,False,False,False,False,False,False,True,False,False,False,False,False,False,False,False,False,False,False,False,False,False,False,False,False,False,False,False,False,False,False,False,False,False,False,False,False,False,False,False,False,False,False,False,False,False,True,False,False,False,False,False,False,False,False,False,False,False,False,False,False,False,False,False,False,False,False,False,False,False,False,False,False,False,False,False,False,False,False,False,False,False,False,False,False,False,False,False,False,False,False,True,False,False,False,False,False,False,False,False,False,False,False,False,False,False,False,False,False,False,False,False,False,False,False,False,False,False,False,False,False,False,False,False,False,False,False,False,False,False,False,False,False,False,False,False,False,False,False,False,False,False,True,4.0,3.0,3.7777777777777777,4.040875,0.3429355281207133,0.0009103470124190367,0.2630972222222221,1.0,0.38275,0.0005687473339968719,0.304228780042592,0.15248551387618176,0.00022556814977725144,1.1373329542223487,8.74737578726382e-05,0.7334604664808566,1.0564124234100993,1.0,1.0,0.5226845076311938,0.04397111976853603,1.0,0.8001280204832774,0.5172770535899027,0,VWME5IBTHGK5,24.992379309812918,47.24420122740054,68.29665283159144
